,state,category,cat_median,cat_25,cat_75,cat_max,cat_min,state_median,state_25,state_75,state_max,state_min,state_cat_median,state_cat_25,state_cat_75,state_cat_max,state_cat_min
0,QC,Diners,3.467741935483871,2.9867724867724865,3.9462585034013604,5.0,1.0,3.698214285714286,3.1067251461988303,4.176102941176471,5.0,1.0,3.5205882352941176,3.0,3.9855693657927085,4.774647887323944,2.0
84,QC,Canadian (New),3.5714285714285716,3.0,4.0,5.0,1.0,3.698214285714286,3.1067251461988303,4.176102941176471,5.0,1.0,3.721212121212121,3.1460084033613445,4.315789473684211,5.0,1.0
134,QC,Fast Food,2.6666666666666665,2.066666666666667,3.3513513513513513,5.0,1.0,3.698214285714286,3.1067251461988303,4.176102941176471,5.0,1.0,3.0,2.3666666666666667,3.75,5.0,1.0
195,QC,Bakeries,3.923076923076923,3.3461538461538463,4.321428571428571,5.0,1.0,3.698214285714286,3.1067251461988303,4.176102941176471,5.0,1.0,4.199137931034483,3.878024193548387,4.541666666666667,5.0,3.2
592,ON,Thai,3.6470588235294117,3.142857142857143,4.0,5.0,1.0,3.3974358974358974,2.875,3.8615384615384616,5.0,1.0,3.3636363636363638,2.8399122807017547,3.7823529411764705,5.0,1.3333333333333333
703,ON,Fast Food,2.6666666666666665,2.066666666666667,3.3513513513513513,5.0,1.0,3.3974358974358974,2.875,3.8615384615384616,5.0,1.0,2.8786764705882355,2.2,3.4285714285714284,5.0,1.0
954,ON,Breakfast & Brunch,3.608695652173913,3.111111111111111,4.0,5.0,1.2222222222222223,3.3974358974358974,2.875,3.8615384615384616,5.0,1.0,3.4641025641025642,3.0,3.84688995215311,5.0,1.375
1030,ON,American (Traditional),3.3275862068965516,2.8276785714285717,3.7682005494505493,5.0,1.0,3.3974358974358974,2.875,3.8615384615384616,5.0,1.0,3.1569230769230767,2.603846153846154,3.53986013986014,5.0,1.3333333333333333
1064,ON,Burgers,3.0,2.25,3.6111632270168856,5.0,1.0,3.3974358974358974,2.875,3.8615384615384616,5.0,1.0,3.1511627906976742,2.584325396825397,3.625,5.0,1.0
1482,ON,American (New),3.515151515151515,3.0,3.99271499644634,5.0,1.0,3.3974358974358974,2.875,3.8615384615384616,5.0,1.0,3.3275862068965516,2.9705882352941178,3.8187455705173634,5.0,2.0
2289,ON,Vietnamese,3.625,3.2,4.0,5.0,1.6111111111111112,3.3974358974358974,2.875,3.8615384615384616,5.0,1.0,3.4705882352941178,3.0,3.8181818181818183,5.0,1.6111111111111112
2357,ON,Chinese,3.3333333333333335,2.888888888888889,3.75,5.0,1.0,3.3974358974358974,2.875,3.8615384615384616,5.0,1.0,3.272727272727273,2.8333333333333335,3.625,5.0,1.0
2371,ON,Canadian (New),3.5714285714285716,3.0,4.0,5.0,1.0,3.3974358974358974,2.875,3.8615384615384616,5.0,1.0,3.4525862068965516,2.9486607142857144,3.9447586726998494,4.875,1.4285714285714286
2429,QC,Breakfast & Brunch,3.608695652173913,3.111111111111111,4.0,5.0,1.2222222222222223,3.698214285714286,3.1067251461988303,4.176102941176471,5.0,1.0,3.75,3.3333333333333335,4.147826086956521,5.0,1.6
3435,ON,Japanese,3.546511627906977,3.1164936096858042,4.0,5.0,1.0,3.3974358974358974,2.875,3.8615384615384616,5.0,1.0,3.5,3.0427350427350426,3.8771929824561404,5.0,1.0
3488,ON,Asian Fusion,3.5555555555555554,3.059831932773109,3.973373983739837,5.0,1.0,3.3974358974358974,2.875,3.8615384615384616,5.0,1.0,3.3333333333333335,2.923951048951049,3.7697802197802197,5.0,1.0
3650,ON,Sushi Bars,3.6,3.082482993197279,4.0,5.0,1.3333333333333333,3.3974358974358974,2.875,3.8615384615384616,5.0,1.0,3.40625,2.89963768115942,3.8735829959514168,5.0,1.3333333333333333
3694,ON,Cafes,3.824644549763033,3.25,4.275862068965517,5.0,1.3333333333333333,3.3974358974358974,2.875,3.8615384615384616,5.0,1.0,3.6666666666666665,3.0,4.0625,5.0,1.3333333333333333
3710,ON,Italian,3.585144927536232,3.085714285714286,4.0,5.0,1.0,3.3974358974358974,2.875,3.8615384615384616,5.0,1.0,3.5508620689655173,3.0,4.0,5.0,1.2
3859,ON,Mediterranean,3.771712158808933,3.272727272727273,4.156826523712933,5.0,1.0,3.3974358974358974,2.875,3.8615384615384616,5.0,1.0,3.5454545454545454,3.0,3.9740259740259742,5.0,1.0
4053,ON,Bakeries,3.923076923076923,3.3461538461538463,4.321428571428571,5.0,1.0,3.3974358974358974,2.875,3.8615384615384616,5.0,1.0,3.7,3.2962962962962963,4.105263157894737,5.0,2.0
4654,ON,Korean,3.6049382716049383,3.2133090694471766,4.0,5.0,1.5384615384615385,3.3974358974358974,2.875,3.8615384615384616,5.0,1.0,3.5,3.1176239181746657,3.894902634593356,5.0,1.5384615384615385
4743,ON,French,3.955548274355614,3.4,4.3206962025316455,5.0,1.3333333333333333,3.3974358974358974,2.875,3.8615384615384616,5.0,1.0,3.7561475409836067,3.321428571428571,4.078571428571428,4.833333333333333,2.0
5067,QC,Vietnamese,3.625,3.2,4.0,5.0,1.6111111111111112,3.698214285714286,3.1067251461988303,4.176102941176471,5.0,1.0,3.6923076923076925,3.2111111111111112,4.004464285714286,5.0,1.6666666666666667
5992,ON,Sandwiches,3.5,2.8333333333333335,4.0,5.0,1.0,3.3974358974358974,2.875,3.8615384615384616,5.0,1.0,3.5217391304347827,2.7083333333333335,4.111111111111111,5.0,1.0
6660,ON,Desserts,3.75,3.1666666666666665,4.173913043478261,5.0,1.7647058823529411,3.3974358974358974,2.875,3.8615384615384616,5.0,1.0,3.366028708133971,2.979166666666667,3.973792486583184,4.818181818181818,2.0
6982,NV,Fast Food,2.6666666666666665,2.066666666666667,3.3513513513513513,5.0,1.0,3.464720013869282,2.8333333333333335,3.9868831407081267,5.0,1.0,2.65,2.1449579831932772,3.180894308943089,5.0,1.0
7023,WI,Breakfast & Brunch,3.608695652173913,3.111111111111111,4.0,5.0,1.2222222222222223,3.4716981132075473,2.888888888888889,3.9671455938697315,5.0,1.0,3.7938144329896906,3.449438202247191,4.063291139240507,5.0,2.3333333333333335
7214,AZ,Mexican,3.451216287678477,2.9310344827586206,3.9444444444444446,5.0,1.0,3.449781659388646,2.8125,3.9444444444444446,5.0,1.0,3.4642857142857144,2.9570487483530963,3.96,5.0,1.0
7317,AZ,Pizza,3.370967741935484,2.6821789321789318,3.8925070028011204,5.0,1.0,3.449781659388646,2.8125,3.9444444444444446,5.0,1.0,3.350868725868726,2.6666666666666665,3.838976013286914,5.0,1.0
8688,NV,American (Traditional),3.3275862068965516,2.8276785714285717,3.7682005494505493,5.0,1.0,3.464720013869282,2.8333333333333335,3.9868831407081267,5.0,1.0,3.3333333333333335,2.8786274003272196,3.8285811092577147,5.0,1.4
8745,NV,Steakhouses,3.4615384615384617,3.0,3.926470588235294,5.0,1.3333333333333333,3.464720013869282,2.8333333333333335,3.9868831407081267,5.0,1.0,3.8355876393110435,3.413519451785385,4.060424604250028,5.0,1.5
10319,ON,Mexican,3.451216287678477,2.9310344827586206,3.9444444444444446,5.0,1.0,3.3974358974358974,2.875,3.8615384615384616,5.0,1.0,3.2988945578231292,2.7857142857142856,3.769230769230769,5.0,1.3333333333333333
10707,QC,Pizza,3.370967741935484,2.6821789321789318,3.8925070028011204,5.0,1.0,3.698214285714286,3.1067251461988303,4.176102941176471,5.0,1.0,3.5,2.8,4.0,5.0,1.0
10846,ON,Seafood,3.5789473684210527,3.104054054054054,4.0,5.0,1.0,3.3974358974358974,2.875,3.8615384615384616,5.0,1.0,3.5,3.053892215568862,3.864250614250614,5.0,1.2
10889,ON,Pizza,3.370967741935484,2.6821789321789318,3.8925070028011204,5.0,1.0,3.3974358974358974,2.875,3.8615384615384616,5.0,1.0,3.3083916083916085,2.6666666666666665,3.883490896358543,5.0,1.0
11055,ON,Delis,3.6,3.181235431235431,4.150961538461539,5.0,1.0,3.3974358974358974,2.875,3.8615384615384616,5.0,1.0,3.5,2.8119658119658117,4.0,5.0,1.5555555555555556
12401,NV,Mexican,3.451216287678477,2.9310344827586206,3.9444444444444446,5.0,1.0,3.464720013869282,2.8333333333333335,3.9868831407081267,5.0,1.0,3.4598308668076108,2.9755639097744364,4.0,5.0,1.0
12875,PA,American (Traditional),3.3275862068965516,2.8276785714285717,3.7682005494505493,5.0,1.0,3.5,3.0,4.0,5.0,1.0,3.436141304347826,3.0,3.8378630298273158,5.0,1.0
13104,NV,American (New),3.515151515151515,3.0,3.99271499644634,5.0,1.0,3.464720013869282,2.8333333333333335,3.9868831407081267,5.0,1.0,3.6578512396694216,3.111111111111111,4.063458588957055,4.9411764705882355,1.0
13458,NV,Asian Fusion,3.5555555555555554,3.059831932773109,3.973373983739837,5.0,1.0,3.464720013869282,2.8333333333333335,3.9868831407081267,5.0,1.0,3.83621118545205,3.328406301145663,4.285989010989011,5.0,2.3225806451612905
14526,NV,Burgers,3.0,2.25,3.6111632270168856,5.0,1.0,3.464720013869282,2.8333333333333335,3.9868831407081267,5.0,1.0,3.058219178082192,2.2264150943396226,3.6666666666666665,5.0,1.0
15935,NV,Pizza,3.370967741935484,2.6821789321789318,3.8925070028011204,5.0,1.0,3.464720013869282,2.8333333333333335,3.9868831407081267,5.0,1.0,3.25,2.5,3.7591567291311754,5.0,1.0
15984,NV,Italian,3.585144927536232,3.085714285714286,4.0,5.0,1.0,3.464720013869282,2.8333333333333335,3.9868831407081267,5.0,1.0,3.558916567813365,3.0,3.981363359380601,5.0,1.0
17194,NV,Breakfast & Brunch,3.608695652173913,3.111111111111111,4.0,5.0,1.2222222222222223,3.464720013869282,2.8333333333333335,3.9868831407081267,5.0,1.0,3.6838235294117645,3.0679723502304146,4.123914181057038,5.0,1.490909090909091
17305,NV,Barbeque,3.55,3.013157894736842,4.0,5.0,1.0,3.464720013869282,2.8333333333333335,3.9868831407081267,5.0,1.0,3.5724275724275723,3.0,4.068249701314217,5.0,1.3333333333333333
18404,NV,Tex-Mex,3.0,2.430803571428571,3.578518907563025,4.615384615384615,1.0,3.464720013869282,2.8333333333333335,3.9868831407081267,5.0,1.0,2.952991452991453,2.536363636363636,3.4632867132867133,4.285714285714286,1.7096774193548387
18605,NV,Thai,3.6470588235294117,3.142857142857143,4.0,5.0,1.0,3.464720013869282,2.8333333333333335,3.9868831407081267,5.0,1.0,3.814070351758794,3.4655172413793105,4.171806167400881,4.661016949152542,1.75
19094,NV,Sandwiches,3.5,2.8333333333333335,4.0,5.0,1.0,3.464720013869282,2.8333333333333335,3.9868831407081267,5.0,1.0,3.33974358974359,2.715151515151515,3.900675675675676,5.0,1.0833333333333333
19167,NV,Diners,3.467741935483871,2.9867724867724865,3.9462585034013604,5.0,1.0,3.464720013869282,2.8333333333333335,3.9868831407081267,5.0,1.0,3.4651162790697674,2.8133591065292096,4.018070730304773,4.666666666666667,1.5
19868,NV,Seafood,3.5789473684210527,3.104054054054054,4.0,5.0,1.0,3.464720013869282,2.8333333333333335,3.9868831407081267,5.0,1.0,3.7586206896551726,3.3075046904315197,4.085454545454546,4.857142857142857,1.3783783783783783
20003,NV,Cafes,3.824644549763033,3.25,4.275862068965517,5.0,1.3333333333333333,3.464720013869282,2.8333333333333335,3.9868831407081267,5.0,1.0,3.776470588235294,3.0,4.115898058252427,5.0,1.9391891891891893
21565,NV,Hot Dogs,3.5555555555555554,2.9473684210526314,4.176470588235294,5.0,1.0,3.464720013869282,2.8333333333333335,3.9868831407081267,5.0,1.0,3.25,2.723529411764706,4.055555555555555,5.0,1.5
24187,NV,Desserts,3.75,3.1666666666666665,4.173913043478261,5.0,1.7647058823529411,3.464720013869282,2.8333333333333335,3.9868831407081267,5.0,1.0,3.923555761507569,3.6073854047580163,4.133573008849558,4.641955835962145,2.2
26906,NV,Mediterranean,3.771712158808933,3.272727272727273,4.156826523712933,5.0,1.0,3.464720013869282,2.8333333333333335,3.9868831407081267,5.0,1.0,3.8997772828507795,3.5164835164835164,4.219373219373219,4.857142857142857,2.142857142857143
33506,NV,Chicken Wings,2.857142857142857,2.2,3.531100478468899,5.0,1.0,3.464720013869282,2.8333333333333335,3.9868831407081267,5.0,1.0,2.8857142857142857,2.125,3.722972972972973,4.9,1.3157894736842106
33612,AZ,Seafood,3.5789473684210527,3.104054054054054,4.0,5.0,1.0,3.449781659388646,2.8125,3.9444444444444446,5.0,1.0,3.617021276595745,3.132142857142857,4.0209203564466725,4.594936708860759,1.0
34952,AZ,Breakfast & Brunch,3.608695652173913,3.111111111111111,4.0,5.0,1.2222222222222223,3.449781659388646,2.8125,3.9444444444444446,5.0,1.0,3.6984541941350306,3.2205555555555554,4.049456917676667,5.0,1.793103448275862
35520,AZ,Steakhouses,3.4615384615384617,3.0,3.926470588235294,5.0,1.3333333333333333,3.449781659388646,2.8125,3.9444444444444446,5.0,1.0,3.383399209486166,2.92578431372549,3.8637065637065637,4.497907949790795,2.1666666666666665
36026,NV,Salad,3.701063829787234,3.154840848806366,4.0947273197208585,5.0,1.0,3.464720013869282,2.8333333333333335,3.9868831407081267,5.0,1.0,3.8181818181818183,3.214001384562132,4.223393278301886,4.707592891760905,1.5630252100840336
38122,NV,Vegetarian,3.828877005347594,3.46875,4.235294117647059,5.0,1.75,3.464720013869282,2.8333333333333335,3.9868831407081267,5.0,1.0,3.7526041666666665,3.645,4.152641878669276,4.714285714285714,2.4166666666666665
39083,NV,Vietnamese,3.625,3.2,4.0,5.0,1.6111111111111112,3.464720013869282,2.8333333333333335,3.9868831407081267,5.0,1.0,3.6666666666666665,3.2280640278089257,3.932098765432099,4.890909090909091,1.8888888888888888
54139,NV,Japanese,3.546511627906977,3.1164936096858042,4.0,5.0,1.0,3.464720013869282,2.8333333333333335,3.9868831407081267,5.0,1.0,3.7477477477477477,3.2777777777777777,4.188571428571429,5.0,1.630952380952381
54361,NV,Chinese,3.3333333333333335,2.888888888888889,3.75,5.0,1.0,3.464720013869282,2.8333333333333335,3.9868831407081267,5.0,1.0,3.392857142857143,3.0,3.75,5.0,1.1111111111111112
56187,NV,Indian,3.5609756097560976,3.1105006105006106,4.0177338355304455,5.0,1.0,3.464720013869282,2.8333333333333335,3.9868831407081267,5.0,1.0,3.7584800343495064,3.1753246753246755,4.105517678769621,4.9,1.7419354838709677
70181,NV,Sushi Bars,3.6,3.082482993197279,4.0,5.0,1.3333333333333333,3.464720013869282,2.8333333333333335,3.9868831407081267,5.0,1.0,3.8374452062492974,3.48446362263843,4.167124542124542,5.0,2.0833333333333335
72803,AZ,Burgers,3.0,2.25,3.6111632270168856,5.0,1.0,3.449781659388646,2.8125,3.9444444444444446,5.0,1.0,2.8502613890963406,2.1,3.4612612612612614,4.8,1.0
77666,NC,Pizza,3.370967741935484,2.6821789321789318,3.8925070028011204,5.0,1.0,3.4,2.7857142857142856,3.8979591836734695,5.0,1.0,3.3333333333333335,2.7142857142857144,3.8,5.0,1.0
79148,NV,French,3.955548274355614,3.4,4.3206962025316455,5.0,1.3333333333333333,3.464720013869282,2.8333333333333335,3.9868831407081267,5.0,1.0,4.1525423728813555,3.9655172413793105,4.428571428571429,5.0,3.013333333333333
83436,AZ,American (New),3.515151515151515,3.0,3.99271499644634,5.0,1.0,3.449781659388646,2.8125,3.9444444444444446,5.0,1.0,3.6,3.0716437177280556,3.9993556701030926,4.866666666666666,1.0
84961,NV,Delis,3.6,3.181235431235431,4.150961538461539,5.0,1.0,3.464720013869282,2.8333333333333335,3.9868831407081267,5.0,1.0,3.4836065573770494,3.1134197695035457,3.9018817204301075,4.785714285714286,1.6
86691,NC,American (Traditional),3.3275862068965516,2.8276785714285717,3.7682005494505493,5.0,1.0,3.4,2.7857142857142856,3.8979591836734695,5.0,1.0,3.3282667876588024,2.8458646616541357,3.7681881371640404,5.0,1.1428571428571428
89445,AZ,Sandwiches,3.5,2.8333333333333335,4.0,5.0,1.0,3.449781659388646,2.8125,3.9444444444444446,5.0,1.0,3.5,2.8786764705882355,4.0,5.0,1.0
91702,AZ,American (Traditional),3.3275862068965516,2.8276785714285717,3.7682005494505493,5.0,1.0,3.449781659388646,2.8125,3.9444444444444446,5.0,1.0,3.2982456140350878,2.75,3.75,5.0,1.125
93628,PA,Fast Food,2.6666666666666665,2.066666666666667,3.3513513513513513,5.0,1.0,3.5,3.0,4.0,5.0,1.0,2.6666666666666665,2.0069444444444446,3.5,5.0,1.0
108405,AZ,Diners,3.467741935483871,2.9867724867724865,3.9462585034013604,5.0,1.0,3.449781659388646,2.8125,3.9444444444444446,5.0,1.0,3.4365079365079367,2.942307692307692,3.8902159685863875,4.546526867627785,2.0
108485,AZ,Caribbean,3.8,3.4,4.176929392446634,5.0,1.25,3.449781659388646,2.8125,3.9444444444444446,5.0,1.0,3.8249069587809847,3.632553317535545,4.109685587390999,4.797872340425532,2.2
108696,AZ,Italian,3.585144927536232,3.085714285714286,4.0,5.0,1.0,3.449781659388646,2.8125,3.9444444444444446,5.0,1.0,3.6799431009957324,3.120172413793103,4.018102372034956,5.0,1.0
109312,AZ,Greek,3.625,3.0928683385579934,4.0,5.0,1.3333333333333333,3.449781659388646,2.8125,3.9444444444444446,5.0,1.0,3.864250614250614,3.4444444444444446,4.208132530120482,5.0,2.0
109620,AZ,Cafes,3.824644549763033,3.25,4.275862068965517,5.0,1.3333333333333333,3.449781659388646,2.8125,3.9444444444444446,5.0,1.0,3.829199303742385,3.388888888888889,4.333333333333333,5.0,1.5
110437,AZ,Asian Fusion,3.5555555555555554,3.059831932773109,3.973373983739837,5.0,1.0,3.449781659388646,2.8125,3.9444444444444446,5.0,1.0,3.6578947368421053,3.2783505154639174,3.934959349593496,5.0,2.221311475409836
111462,AZ,Mediterranean,3.771712158808933,3.272727272727273,4.156826523712933,5.0,1.0,3.449781659388646,2.8125,3.9444444444444446,5.0,1.0,3.8510520487264674,3.577436582109479,4.147372742200329,4.863636363636363,2.0
112020,AZ,Salad,3.701063829787234,3.154840848806366,4.0947273197208585,5.0,1.0,3.449781659388646,2.8125,3.9444444444444446,5.0,1.0,3.8645157449848204,3.2670454545454546,4.150883838383838,4.958333333333333,1.5384615384615385
114180,AZ,Chinese,3.3333333333333335,2.888888888888889,3.75,5.0,1.0,3.449781659388646,2.8125,3.9444444444444446,5.0,1.0,3.4375,2.9523809523809526,3.8181818181818183,4.75,1.0
114350,AZ,Delis,3.6,3.181235431235431,4.150961538461539,5.0,1.0,3.449781659388646,2.8125,3.9444444444444446,5.0,1.0,3.5334338863750627,3.1132246376811596,3.9967532467532467,5.0,1.0
114450,AZ,Thai,3.6470588235294117,3.142857142857143,4.0,5.0,1.0,3.449781659388646,2.8125,3.9444444444444446,5.0,1.0,3.8662698412698413,3.630151515151515,4.095757701287941,5.0,2.5
115230,AZ,Desserts,3.75,3.1666666666666665,4.173913043478261,5.0,1.7647058823529411,3.449781659388646,2.8125,3.9444444444444446,5.0,1.0,3.879002825523899,3.388888888888889,4.185381589589001,4.833333333333333,2.0
115467,AZ,Latin American,3.909090909090909,3.5,4.280373831775701,5.0,1.6666666666666667,3.449781659388646,2.8125,3.9444444444444446,5.0,1.0,3.8115942028985508,3.4275641025641024,4.303137740189342,4.8,2.6153846153846154
115536,AZ,Vietnamese,3.625,3.2,4.0,5.0,1.6111111111111112,3.449781659388646,2.8125,3.9444444444444446,5.0,1.0,3.8787755102040817,3.5,4.146165437971841,5.0,1.9655172413793103
116608,AZ,Fast Food,2.6666666666666665,2.066666666666667,3.3513513513513513,5.0,1.0,3.449781659388646,2.8125,3.9444444444444446,5.0,1.0,2.5833333333333335,2.0357598978288634,3.264912280701754,5.0,1.0
116737,AZ,Vegetarian,3.828877005347594,3.46875,4.235294117647059,5.0,1.75,3.449781659388646,2.8125,3.9444444444444446,5.0,1.0,3.943253968253968,3.6230272596843616,4.299513573492981,5.0,2.8823529411764706
120441,AZ,French,3.955548274355614,3.4,4.3206962025316455,5.0,1.3333333333333333,3.449781659388646,2.8125,3.9444444444444446,5.0,1.0,3.815165876777251,3.4066666666666667,4.10960960960961,4.754098360655738,2.4583333333333335
124546,AZ,Hot Dogs,3.5555555555555554,2.9473684210526314,4.176470588235294,5.0,1.0,3.449781659388646,2.8125,3.9444444444444446,5.0,1.0,3.8333333333333335,3.3,4.264462809917355,5.0,1.3333333333333333
124855,AZ,Barbeque,3.55,3.013157894736842,4.0,5.0,1.0,3.449781659388646,2.8125,3.9444444444444446,5.0,1.0,3.534891891891892,3.016015962036238,3.995967741935484,5.0,1.6363636363636365
129470,ON,Latin American,3.909090909090909,3.5,4.280373831775701,5.0,1.6666666666666667,3.3974358974358974,2.875,3.8615384615384616,5.0,1.0,4.0,3.5252607561929596,4.277463904582549,4.848484848484849,1.6666666666666667
130062,QC,Salad,3.701063829787234,3.154840848806366,4.0947273197208585,5.0,1.0,3.698214285714286,3.1067251461988303,4.176102941176471,5.0,1.0,3.875,3.125,4.2176470588235295,5.0,2.0
130159,QC,Sushi Bars,3.6,3.082482993197279,4.0,5.0,1.3333333333333333,3.698214285714286,3.1067251461988303,4.176102941176471,5.0,1.0,3.75,3.045,4.177807486631016,5.0,1.6666666666666667
130219,QC,Italian,3.585144927536232,3.085714285714286,4.0,5.0,1.0,3.698214285714286,3.1067251461988303,4.176102941176471,5.0,1.0,3.7341619887730553,3.2845982142857144,4.217717717717718,5.0,1.0
130251,NC,Burgers,3.0,2.25,3.6111632270168856,5.0,1.0,3.4,2.7857142857142856,3.8979591836734695,5.0,1.0,2.6867816091954024,2.0,3.4908536585365852,5.0,1.0
130450,NC,Indian,3.5609756097560976,3.1105006105006106,4.0177338355304455,5.0,1.0,3.4,2.7857142857142856,3.8979591836734695,5.0,1.0,3.4162337662337663,3.066666666666667,3.8757598784194527,5.0,2.1923076923076925
130735,NC,Italian,3.585144927536232,3.085714285714286,4.0,5.0,1.0,3.4,2.7857142857142856,3.8979591836734695,5.0,1.0,3.5714285714285716,3.1231060606060606,3.8650862068965517,5.0,1.3571428571428572
131016,NC,American (New),3.515151515151515,3.0,3.99271499644634,5.0,1.0,3.4,2.7857142857142856,3.8979591836734695,5.0,1.0,3.3686411149825783,2.939772727272728,3.8500165375165376,5.0,1.7272727272727273
147913,AZ,Japanese,3.546511627906977,3.1164936096858042,4.0,5.0,1.0,3.449781659388646,2.8125,3.9444444444444446,5.0,1.0,3.490566037735849,3.1554726368159205,3.951621529634852,4.8,1.0
148228,AZ,Soup,3.6290424857324033,3.1083146905294554,4.038641652948856,5.0,1.3333333333333333,3.449781659388646,2.8125,3.9444444444444446,5.0,1.0,3.5,3.027446597118728,3.9149032306649594,4.810344827586207,1.8
149964,PA,American (New),3.515151515151515,3.0,3.99271499644634,5.0,1.0,3.5,3.0,4.0,5.0,1.0,3.4545454545454546,3.0,4.046511627906977,5.0,1.3333333333333333
150734,AZ,Tex-Mex,3.0,2.430803571428571,3.578518907563025,4.615384615384615,1.0,3.449781659388646,2.8125,3.9444444444444446,5.0,1.0,3.0759493670886076,2.656862745098039,3.519702842377261,4.333333333333333,1.3333333333333333
151820,AZ,Sushi Bars,3.6,3.082482993197279,4.0,5.0,1.3333333333333333,3.449781659388646,2.8125,3.9444444444444446,5.0,1.0,3.7058660763696736,3.3093406593406596,4.0,4.833333333333333,2.616822429906542
162826,PA,Thai,3.6470588235294117,3.142857142857143,4.0,5.0,1.0,3.5,3.0,4.0,5.0,1.0,4.012987012987013,3.610817307692308,4.138922456264291,5.0,2.310344827586207
168360,QC,Mediterranean,3.771712158808933,3.272727272727273,4.156826523712933,5.0,1.0,3.698214285714286,3.1067251461988303,4.176102941176471,5.0,1.0,3.8333333333333335,3.3833333333333333,4.333333333333333,5.0,1.25
168443,QC,Cafes,3.824644549763033,3.25,4.275862068965517,5.0,1.3333333333333333,3.698214285714286,3.1067251461988303,4.176102941176471,5.0,1.0,4.0,3.5603864734299515,4.383928571428571,5.0,1.3333333333333333
169311,QC,Burgers,3.0,2.25,3.6111632270168856,5.0,1.0,3.698214285714286,3.1067251461988303,4.176102941176471,5.0,1.0,3.5,2.75,3.8076923076923075,5.0,1.0
169933,QC,American (New),3.515151515151515,3.0,3.99271499644634,5.0,1.0,3.698214285714286,3.1067251461988303,4.176102941176471,5.0,1.0,3.6666666666666665,2.58125,3.960355987055016,5.0,1.6
171392,QC,Japanese,3.546511627906977,3.1164936096858042,4.0,5.0,1.0,3.698214285714286,3.1067251461988303,4.176102941176471,5.0,1.0,3.75,3.125,4.208333333333333,5.0,1.5
171485,QC,Indian,3.5609756097560976,3.1105006105006106,4.0177338355304455,5.0,1.0,3.698214285714286,3.1067251461988303,4.176102941176471,5.0,1.0,3.6,3.1306818181818183,4.192592592592593,5.0,1.3333333333333333
171886,QC,Korean,3.6049382716049383,3.2133090694471766,4.0,5.0,1.5384615384615385,3.698214285714286,3.1067251461988303,4.176102941176471,5.0,1.0,3.981818181818182,3.4375,4.3238095238095235,5.0,1.75
172040,ON,Tex-Mex,3.0,2.430803571428571,3.578518907563025,4.615384615384615,1.0,3.3974358974358974,2.875,3.8615384615384616,5.0,1.0,3.2962962962962963,2.5416666666666665,3.758082706766917,4.2,1.4
172143,QC,Vegetarian,3.828877005347594,3.46875,4.235294117647059,5.0,1.75,3.698214285714286,3.1067251461988303,4.176102941176471,5.0,1.0,3.888888888888889,3.586206896551724,4.25,4.5,2.6
172365,QC,Thai,3.6470588235294117,3.142857142857143,4.0,5.0,1.0,3.698214285714286,3.1067251461988303,4.176102941176471,5.0,1.0,3.4285714285714284,2.6666666666666665,4.0,5.0,1.0
172375,ON,Indian,3.5609756097560976,3.1105006105006106,4.0177338355304455,5.0,1.0,3.3974358974358974,2.875,3.8615384615384616,5.0,1.0,3.5,3.0,3.9757549361207896,5.0,1.0
172699,QC,Chinese,3.3333333333333335,2.888888888888889,3.75,5.0,1.0,3.698214285714286,3.1067251461988303,4.176102941176471,5.0,1.0,3.5555555555555554,3.0,3.8636363636363638,5.0,1.0
172789,QC,Sandwiches,3.5,2.8333333333333335,4.0,5.0,1.0,3.698214285714286,3.1067251461988303,4.176102941176471,5.0,1.0,3.8333333333333335,3.25,4.230769230769231,5.0,1.3333333333333333
172908,QC,Desserts,3.75,3.1666666666666665,4.173913043478261,5.0,1.7647058823529411,3.698214285714286,3.1067251461988303,4.176102941176471,5.0,1.0,4.196078431372549,3.3043478260869565,4.5,4.730769230769231,2.6451612903225805
173010,QC,Asian Fusion,3.5555555555555554,3.059831932773109,3.973373983739837,5.0,1.0,3.698214285714286,3.1067251461988303,4.176102941176471,5.0,1.0,3.640625,3.325,4.0,5.0,1.0
173343,QC,American (Traditional),3.3275862068965516,2.8276785714285717,3.7682005494505493,5.0,1.0,3.698214285714286,3.1067251461988303,4.176102941176471,5.0,1.0,3.2811004784688995,3.0,3.723611111111111,4.8,1.8333333333333333
174179,QC,Middle Eastern,3.713760504201681,3.125,4.182934014139827,5.0,1.0,3.698214285714286,3.1067251461988303,4.176102941176471,5.0,1.0,3.782608695652174,3.0,4.357142857142857,5.0,1.2
181166,NC,Bakeries,3.923076923076923,3.3461538461538463,4.321428571428571,5.0,1.0,3.4,2.7857142857142856,3.8979591836734695,5.0,1.0,4.125,3.373076923076923,4.442857142857143,5.0,2.0
181540,NC,Barbeque,3.55,3.013157894736842,4.0,5.0,1.0,3.4,2.7857142857142856,3.8979591836734695,5.0,1.0,3.586885245901639,3.25,4.0,5.0,1.6666666666666667
181869,NC,Latin American,3.909090909090909,3.5,4.280373831775701,5.0,1.6666666666666667,3.4,2.7857142857142856,3.8979591836734695,5.0,1.0,3.9855072463768115,3.623611111111111,4.250584697627798,4.861111111111111,2.0
182814,NC,Asian Fusion,3.5555555555555554,3.059831932773109,3.973373983739837,5.0,1.0,3.4,2.7857142857142856,3.8979591836734695,5.0,1.0,3.6666666666666665,3.4,4.0,4.5,2.4285714285714284
184682,PA,Steakhouses,3.4615384615384617,3.0,3.926470588235294,5.0,1.3333333333333333,3.5,3.0,4.0,5.0,1.0,3.0901722391084094,2.7902478448275865,3.5947368421052635,4.022026431718062,1.9767441860465116
194741,QC,Hot Dogs,3.5555555555555554,2.9473684210526314,4.176470588235294,5.0,1.0,3.698214285714286,3.1067251461988303,4.176102941176471,5.0,1.0,3.8485714285714288,3.4825268817204305,4.175,5.0,2.0
196175,QC,Mexican,3.451216287678477,2.9310344827586206,3.9444444444444446,5.0,1.0,3.698214285714286,3.1067251461988303,4.176102941176471,5.0,1.0,3.6282894736842106,2.9891304347826084,4.0,5.0,1.5
196448,QC,French,3.955548274355614,3.4,4.3206962025316455,5.0,1.3333333333333333,3.698214285714286,3.1067251461988303,4.176102941176471,5.0,1.0,4.0,3.44949494949495,4.333333333333333,5.0,1.3333333333333333
196824,QC,German,4.049499443826473,3.577574823943662,4.328125,5.0,3.0,3.698214285714286,3.1067251461988303,4.176102941176471,5.0,1.0,3.8333333333333335,3.75,4.083333333333333,4.333333333333333,3.6666666666666665
196901,QC,Greek,3.625,3.0928683385579934,4.0,5.0,1.3333333333333333,3.698214285714286,3.1067251461988303,4.176102941176471,5.0,1.0,3.6666666666666665,3.2520833333333337,4.1171875,4.833333333333333,1.4
197248,QC,Tex-Mex,3.0,2.430803571428571,3.578518907563025,4.615384615384615,1.0,3.698214285714286,3.1067251461988303,4.176102941176471,5.0,1.0,3.562542720437457,3.0654761904761907,4.03125,4.615384615384615,1.75
197262,QC,Latin American,3.909090909090909,3.5,4.280373831775701,5.0,1.6666666666666667,3.698214285714286,3.1067251461988303,4.176102941176471,5.0,1.0,4.0,3.619047619047619,4.363636363636363,5.0,2.0
197307,QC,Barbeque,3.55,3.013157894736842,4.0,5.0,1.0,3.698214285714286,3.1067251461988303,4.176102941176471,5.0,1.0,3.5714285714285716,2.91969696969697,4.066964285714286,4.888888888888889,1.8888888888888888
199057,WI,Seafood,3.5789473684210527,3.104054054054054,4.0,5.0,1.0,3.4716981132075473,2.888888888888889,3.9671455938697315,5.0,1.0,3.6296296296296298,3.3180592991913747,3.9002439024390245,4.666666666666667,1.0
201807,ON,Diners,3.467741935483871,2.9867724867724865,3.9462585034013604,5.0,1.0,3.3974358974358974,2.875,3.8615384615384616,5.0,1.0,3.4,3.0,3.809090909090909,5.0,1.3181818181818181
216487,NV,Korean,3.6049382716049383,3.2133090694471766,4.0,5.0,1.5384615384615385,3.464720013869282,2.8333333333333335,3.9868831407081267,5.0,1.0,3.991349480968858,3.436416328455648,4.283653846153846,4.689814814814815,1.6666666666666667
219200,IL,Steakhouses,3.4615384615384617,3.0,3.926470588235294,5.0,1.3333333333333333,3.3214285714285716,2.763157894736842,3.75,5.0,1.0,3.083333333333333,2.529166666666667,3.2041008922443375,3.6444444444444444,1.8611111111111112
221370,NC,Chinese,3.3333333333333335,2.888888888888889,3.75,5.0,1.0,3.4,2.7857142857142856,3.8979591836734695,5.0,1.0,3.262931034482759,2.8,3.670212765957447,5.0,1.3333333333333333
221390,NC,Diners,3.467741935483871,2.9867724867724865,3.9462585034013604,5.0,1.0,3.4,2.7857142857142856,3.8979591836734695,5.0,1.0,3.5,2.888888888888889,3.9285714285714284,4.470588235294118,1.0
223972,ON,Middle Eastern,3.713760504201681,3.125,4.182934014139827,5.0,1.0,3.3974358974358974,2.875,3.8615384615384616,5.0,1.0,3.5482695810564664,3.0384615384615383,4.0,5.0,1.0
225356,OH,Sandwiches,3.5,2.8333333333333335,4.0,5.0,1.0,3.462121212121212,2.8,4.0,5.0,1.0,3.4580419580419584,2.7874999999999996,4.038413621262459,5.0,1.0
227770,OH,Breakfast & Brunch,3.608695652173913,3.111111111111111,4.0,5.0,1.2222222222222223,3.462121212121212,2.8,4.0,5.0,1.0,3.6,3.072916666666667,4.0472222222222225,5.0,1.3333333333333333
229198,ON,Barbeque,3.55,3.013157894736842,4.0,5.0,1.0,3.3974358974358974,2.875,3.8615384615384616,5.0,1.0,3.5555555555555554,3.0526315789473686,3.888888888888889,5.0,1.3333333333333333
230762,OH,Cafes,3.824644549763033,3.25,4.275862068965517,5.0,1.3333333333333333,3.462121212121212,2.8,4.0,5.0,1.0,3.7799433026222538,3.207894736842105,4.194852941176471,5.0,2.6
230846,ON,Caribbean,3.8,3.4,4.176929392446634,5.0,1.25,3.3974358974358974,2.875,3.8615384615384616,5.0,1.0,3.75,3.334745762711864,4.1312500000000005,5.0,1.25
231847,ON,Greek,3.625,3.0928683385579934,4.0,5.0,1.3333333333333333,3.3974358974358974,2.875,3.8615384615384616,5.0,1.0,3.2403846153846154,2.75,3.7463709677419352,5.0,1.3333333333333333
233232,PA,Chinese,3.3333333333333335,2.888888888888889,3.75,5.0,1.0,3.5,3.0,4.0,5.0,1.0,3.4,2.925,3.880952380952381,5.0,1.0
233373,WI,Sandwiches,3.5,2.8333333333333335,4.0,5.0,1.0,3.4716981132075473,2.888888888888889,3.9671455938697315,5.0,1.0,3.3333333333333335,2.7375,3.694444444444444,5.0,1.1818181818181819
233410,WI,American (Traditional),3.3275862068965516,2.8276785714285717,3.7682005494505493,5.0,1.0,3.4716981132075473,2.888888888888889,3.9671455938697315,5.0,1.0,3.580914368650218,3.216666666666667,3.946428571428571,4.777777777777778,2.0
233487,WI,Chicken Wings,2.857142857142857,2.2,3.531100478468899,5.0,1.0,3.4716981132075473,2.888888888888889,3.9671455938697315,5.0,1.0,2.5277777777777777,2.1535326086956523,3.025,4.666666666666667,1.0
233515,WI,Mexican,3.451216287678477,2.9310344827586206,3.9444444444444446,5.0,1.0,3.4716981132075473,2.888888888888889,3.9671455938697315,5.0,1.0,3.425485008818342,2.92434988179669,4.0,4.666666666666667,1.4137931034482758
233569,WI,American (New),3.515151515151515,3.0,3.99271499644634,5.0,1.0,3.4716981132075473,2.888888888888889,3.9671455938697315,5.0,1.0,3.5,2.8956632653061227,3.9703255545952176,4.75,1.3333333333333333
233658,WI,Asian Fusion,3.5555555555555554,3.059831932773109,3.973373983739837,5.0,1.0,3.4716981132075473,2.888888888888889,3.9671455938697315,5.0,1.0,3.5672514619883042,3.01123595505618,3.903730569948187,4.487394957983193,2.0
233681,WI,Steakhouses,3.4615384615384617,3.0,3.926470588235294,5.0,1.3333333333333333,3.4716981132075473,2.888888888888889,3.9671455938697315,5.0,1.0,3.2701953922426363,3.025,3.547348484848485,4.110576923076923,2.193548387096774
234219,WI,Pizza,3.370967741935484,2.6821789321789318,3.8925070028011204,5.0,1.0,3.4716981132075473,2.888888888888889,3.9671455938697315,5.0,1.0,3.263157894736842,2.6666666666666665,3.9528323398156293,4.5852272727272725,1.25
234438,WI,Cafes,3.824644549763033,3.25,4.275862068965517,5.0,1.3333333333333333,3.4716981132075473,2.888888888888889,3.9671455938697315,5.0,1.0,4.0,3.6826923076923075,4.325757575757576,5.0,3.1785714285714284
235348,WI,Burgers,3.0,2.25,3.6111632270168856,5.0,1.0,3.4716981132075473,2.888888888888889,3.9671455938697315,5.0,1.0,3.212121212121212,2.0454545454545454,3.708333333333333,4.666666666666667,1.0
235712,WI,Italian,3.585144927536232,3.085714285714286,4.0,5.0,1.0,3.4716981132075473,2.888888888888889,3.9671455938697315,5.0,1.0,3.391304347826087,2.7142857142857144,3.8,4.666666666666667,1.6666666666666667
236273,WI,Salad,3.701063829787234,3.154840848806366,4.0947273197208585,5.0,1.0,3.4716981132075473,2.888888888888889,3.9671455938697315,5.0,1.0,3.591444600280505,2.9330357142857144,4.099921383647799,4.448979591836735,2.272727272727273
236297,WI,Fast Food,2.6666666666666665,2.066666666666667,3.3513513513513513,5.0,1.0,3.4716981132075473,2.888888888888889,3.9671455938697315,5.0,1.0,2.6666666666666665,1.8,3.5,4.454545454545454,1.0
236374,WI,Chinese,3.3333333333333335,2.888888888888889,3.75,5.0,1.0,3.4716981132075473,2.888888888888889,3.9671455938697315,5.0,1.0,3.3773584905660377,2.9285714285714284,3.75,5.0,1.25
246681,NV,Bakeries,3.923076923076923,3.3461538461538463,4.321428571428571,5.0,1.0,3.464720013869282,2.8333333333333335,3.9868831407081267,5.0,1.0,4.071428571428571,3.5,4.428571428571429,4.866666666666666,1.9583333333333333
255612,NV,Greek,3.625,3.0928683385579934,4.0,5.0,1.3333333333333333,3.464720013869282,2.8333333333333335,3.9868831407081267,5.0,1.0,3.847434390912652,3.6704545454545454,4.140695488721804,4.7975460122699385,1.8888888888888888
260483,AZ,Bakeries,3.923076923076923,3.3461538461538463,4.321428571428571,5.0,1.0,3.449781659388646,2.8125,3.9444444444444446,5.0,1.0,3.606736816642477,3.1818181818181817,4.201186744290193,5.0,1.0
275280,NC,Breakfast & Brunch,3.608695652173913,3.111111111111111,4.0,5.0,1.2222222222222223,3.4,2.7857142857142856,3.8979591836734695,5.0,1.0,3.515151515151515,2.992063492063492,4.0,5.0,1.25
275623,NC,Seafood,3.5789473684210527,3.104054054054054,4.0,5.0,1.0,3.4,2.7857142857142856,3.8979591836734695,5.0,1.0,3.5384615384615383,3.0,4.0511695906432745,4.75,1.6363636363636365
275752,NC,Fast Food,2.6666666666666665,2.066666666666667,3.3513513513513513,5.0,1.0,3.4,2.7857142857142856,3.8979591836734695,5.0,1.0,2.6,2.0,3.3333333333333335,5.0,1.0
275770,NC,Vegetarian,3.828877005347594,3.46875,4.235294117647059,5.0,1.75,3.4,2.7857142857142856,3.8979591836734695,5.0,1.0,3.9827833572453373,3.7984767891682787,4.247740963855422,4.833333333333333,1.75
276733,NC,Vietnamese,3.625,3.2,4.0,5.0,1.6111111111111112,3.4,2.7857142857142856,3.8979591836734695,5.0,1.0,3.9375,3.707798165137615,4.184397163120567,4.666666666666667,2.6
276943,NC,Mexican,3.451216287678477,2.9310344827586206,3.9444444444444446,5.0,1.0,3.4,2.7857142857142856,3.8979591836734695,5.0,1.0,3.4642857142857144,3.0,3.9444444444444446,5.0,1.0
277602,NC,Sandwiches,3.5,2.8333333333333335,4.0,5.0,1.0,3.4,2.7857142857142856,3.8979591836734695,5.0,1.0,3.5,2.75,4.0,5.0,1.0
278026,NC,Delis,3.6,3.181235431235431,4.150961538461539,5.0,1.0,3.4,2.7857142857142856,3.8979591836734695,5.0,1.0,3.6666666666666665,3.2355769230769234,4.0234375,4.833333333333333,2.6
279042,NC,Steakhouses,3.4615384615384617,3.0,3.926470588235294,5.0,1.3333333333333333,3.4,2.7857142857142856,3.8979591836734695,5.0,1.0,3.396969696969697,3.0450268817204305,3.671146953405018,5.0,2.3703703703703702
279795,NC,Sushi Bars,3.6,3.082482993197279,4.0,5.0,1.3333333333333333,3.4,2.7857142857142856,3.8979591836734695,5.0,1.0,3.4285714285714284,3.089015151515152,3.822368421052632,4.642857142857143,1.5714285714285714
281593,NC,Korean,3.6049382716049383,3.2133090694471766,4.0,5.0,1.5384615384615385,3.4,2.7857142857142856,3.8979591836734695,5.0,1.0,3.7310606060606064,3.327470588235294,4.005417713567839,4.251798561151079,2.6666666666666665
281756,NC,French,3.955548274355614,3.4,4.3206962025316455,5.0,1.3333333333333333,3.4,2.7857142857142856,3.8979591836734695,5.0,1.0,3.9276762350719103,3.398706896551724,4.479330708661418,4.548387096774194,2.3333333333333335
282197,NC,Mediterranean,3.771712158808933,3.272727272727273,4.156826523712933,5.0,1.0,3.4,2.7857142857142856,3.8979591836734695,5.0,1.0,3.697674418604651,3.2941176470588234,4.17741935483871,5.0,2.4545454545454546
284084,IL,Mexican,3.451216287678477,2.9310344827586206,3.9444444444444446,5.0,1.0,3.3214285714285716,2.763157894736842,3.75,5.0,1.0,3.5,2.89769820971867,3.8440409683426444,5.0,1.2
285422,IL,Barbeque,3.55,3.013157894736842,4.0,5.0,1.0,3.3214285714285716,2.763157894736842,3.75,5.0,1.0,3.681519699812383,3.241545893719807,4.386529242569511,4.853658536585366,2.5384615384615383
286380,NC,Desserts,3.75,3.1666666666666665,4.173913043478261,5.0,1.7647058823529411,3.4,2.7857142857142856,3.8979591836734695,5.0,1.0,3.6530612244897958,3.127309236947791,4.21875,4.681818181818182,1.7647058823529411
287294,NC,Japanese,3.546511627906977,3.1164936096858042,4.0,5.0,1.0,3.4,2.7857142857142856,3.8979591836734695,5.0,1.0,3.5441176470588234,3.0588235294117645,3.8666666666666667,5.0,1.1
288859,NC,Soup,3.6290424857324033,3.1083146905294554,4.038641652948856,5.0,1.3333333333333333,3.4,2.7857142857142856,3.8979591836734695,5.0,1.0,3.4204545454545454,2.810810810810811,3.6265060240963853,4.416666666666667,2.5185185185185186
289886,OH,Mediterranean,3.771712158808933,3.272727272727273,4.156826523712933,5.0,1.0,3.462121212121212,2.8,4.0,5.0,1.0,4.174693161893629,3.578962703962704,4.3961538461538465,4.848484848484849,2.3333333333333335
289993,OH,Steakhouses,3.4615384615384617,3.0,3.926470588235294,5.0,1.3333333333333333,3.462121212121212,2.8,4.0,5.0,1.0,3.36,2.811688311688312,3.8297872340425534,5.0,1.631578947368421
290115,OH,Italian,3.585144927536232,3.085714285714286,4.0,5.0,1.0,3.462121212121212,2.8,4.0,5.0,1.0,3.5304857621440533,3.1145833333333335,3.97322090437361,4.909090909090909,1.125
293854,AZ,German,4.049499443826473,3.577574823943662,4.328125,5.0,3.0,3.449781659388646,2.8125,3.9444444444444446,5.0,1.0,3.671516754850088,3.376984126984127,4.264044943820225,4.777777777777778,3.0
306606,NV,Soup,3.6290424857324033,3.1083146905294554,4.038641652948856,5.0,1.3333333333333333,3.464720013869282,2.8333333333333335,3.9868831407081267,5.0,1.0,3.5153846153846153,3.195444915254237,3.8540235999613115,4.225694444444445,1.9565217391304348
343678,PA,Pizza,3.370967741935484,2.6821789321789318,3.8925070028011204,5.0,1.0,3.5,3.0,4.0,5.0,1.0,3.5294117647058822,3.0,4.0,5.0,1.0
365622,PA,Soup,3.6290424857324033,3.1083146905294554,4.038641652948856,5.0,1.3333333333333333,3.5,3.0,4.0,5.0,1.0,3.764705882352941,3.3136908002177465,4.333333333333334,5.0,2.217391304347826
365718,PA,Mediterranean,3.771712158808933,3.272727272727273,4.156826523712933,5.0,1.0,3.5,3.0,4.0,5.0,1.0,4.0,3.75,4.344,4.8,3.191011235955056
365789,PA,Vegetarian,3.828877005347594,3.46875,4.235294117647059,5.0,1.75,3.5,3.0,4.0,5.0,1.0,3.7248641304347827,3.244827586206897,4.18625,4.351351351351352,2.7194444444444446
366221,PA,Mexican,3.451216287678477,2.9310344827586206,3.9444444444444446,5.0,1.0,3.5,3.0,4.0,5.0,1.0,3.3989417989417987,3.0,3.8607954545454546,4.68,2.0
366641,PA,Bakeries,3.923076923076923,3.3461538461538463,4.321428571428571,5.0,1.0,3.5,3.0,4.0,5.0,1.0,3.707894736842105,3.2916666666666665,4.418214285714286,5.0,2.625
366975,PA,Barbeque,3.55,3.013157894736842,4.0,5.0,1.0,3.5,3.0,4.0,5.0,1.0,3.5714285714285716,3.125,4.0,5.0,1.8
367524,PA,Diners,3.467741935483871,2.9867724867724865,3.9462585034013604,5.0,1.0,3.5,3.0,4.0,5.0,1.0,3.5,3.0,4.073529411764706,4.857142857142857,1.2
367870,PA,Burgers,3.0,2.25,3.6111632270168856,5.0,1.0,3.5,3.0,4.0,5.0,1.0,3.076923076923077,2.082051282051282,3.6666666666666665,4.8,1.0
368323,PA,Italian,3.585144927536232,3.085714285714286,4.0,5.0,1.0,3.5,3.0,4.0,5.0,1.0,3.5,3.0,4.0,5.0,1.0
368965,PA,Sandwiches,3.5,2.8333333333333335,4.0,5.0,1.0,3.5,3.0,4.0,5.0,1.0,3.709844559585492,3.0,4.217171717171717,5.0,1.0
369066,PA,Desserts,3.75,3.1666666666666665,4.173913043478261,5.0,1.7647058823529411,3.5,3.0,4.0,5.0,1.0,3.74,3.2601010101010104,4.19047619047619,4.813186813186813,2.558139534883721
385299,AZ,Middle Eastern,3.713760504201681,3.125,4.182934014139827,5.0,1.0,3.449781659388646,2.8125,3.9444444444444446,5.0,1.0,3.989010989010989,3.486111111111111,4.243251137621449,5.0,2.0
387973,AZ,Chicken Wings,2.857142857142857,2.2,3.531100478468899,5.0,1.0,3.449781659388646,2.8125,3.9444444444444446,5.0,1.0,2.71,2.0125,3.5,5.0,1.0952380952380953
393765,NC,Middle Eastern,3.713760504201681,3.125,4.182934014139827,5.0,1.0,3.4,2.7857142857142856,3.8979591836734695,5.0,1.0,3.807142857142857,3.458333333333333,4.361072237771558,4.6875,3.0
394487,NC,Thai,3.6470588235294117,3.142857142857143,4.0,5.0,1.0,3.4,2.7857142857142856,3.8979591836734695,5.0,1.0,3.719685438863521,3.541290322580645,4.0,4.666666666666667,2.25
395911,NC,Salad,3.701063829787234,3.154840848806366,4.0947273197208585,5.0,1.0,3.4,2.7857142857142856,3.8979591836734695,5.0,1.0,3.7056277056277054,3.1915204678362574,3.948051948051948,4.695652173913044,1.2352941176470589
396773,NC,Chicken Wings,2.857142857142857,2.2,3.531100478468899,5.0,1.0,3.4,2.7857142857142856,3.8979591836734695,5.0,1.0,2.8285714285714283,2.1757142857142857,3.7232730263157894,4.75,1.0
398430,NC,Tex-Mex,3.0,2.430803571428571,3.578518907563025,4.615384615384615,1.0,3.4,2.7857142857142856,3.8979591836734695,5.0,1.0,2.7142857142857144,2.199810606060606,3.503012048192771,4.2560975609756095,1.125
400007,SC,American (New),3.515151515151515,3.0,3.99271499644634,5.0,1.0,3.242424242424242,2.6666666666666665,4.0,5.0,1.0,3.043560606060606,2.73921200750469,4.078947368421053,4.442622950819672,2.0
421206,QC,Seafood,3.5789473684210527,3.104054054054054,4.0,5.0,1.0,3.698214285714286,3.1067251461988303,4.176102941176471,5.0,1.0,3.6379310344827585,3.0,4.227629513343799,5.0,2.0
421684,QC,Chicken Wings,2.857142857142857,2.2,3.531100478468899,5.0,1.0,3.698214285714286,3.1067251461988303,4.176102941176471,5.0,1.0,3.0,2.3333333333333335,3.45,3.75,1.5
422965,OH,Japanese,3.546511627906977,3.1164936096858042,4.0,5.0,1.0,3.462121212121212,2.8,4.0,5.0,1.0,3.5,3.0642059553349874,4.0,4.875,2.2413793103448274
423432,AZ,Korean,3.6049382716049383,3.2133090694471766,4.0,5.0,1.5384615384615385,3.449781659388646,2.8125,3.9444444444444446,5.0,1.0,3.3205128205128203,3.0813492063492065,3.6566265060240966,4.186915887850467,2.3636363636363638
435401,NC,Greek,3.625,3.0928683385579934,4.0,5.0,1.3333333333333333,3.4,2.7857142857142856,3.8979591836734695,5.0,1.0,3.6533333333333333,3.2872757847533634,3.976923076923077,4.888888888888889,2.5
461317,NV,Middle Eastern,3.713760504201681,3.125,4.182934014139827,5.0,1.0,3.464720013869282,2.8333333333333335,3.9868831407081267,5.0,1.0,4.228915662650603,3.795512820512821,4.310077519379845,4.712574850299402,1.4
461439,IL,Chinese,3.3333333333333335,2.888888888888889,3.75,5.0,1.0,3.3214285714285716,2.763157894736842,3.75,5.0,1.0,3.414285714285714,2.9895833333333335,3.85,4.4,1.0
468236,OH,American (Traditional),3.3275862068965516,2.8276785714285717,3.7682005494505493,5.0,1.0,3.462121212121212,2.8,4.0,5.0,1.0,3.3333333333333335,2.8116883116883113,3.7602681545636245,5.0,1.3333333333333333
470284,NC,Cafes,3.824644549763033,3.25,4.275862068965517,5.0,1.3333333333333333,3.4,2.7857142857142856,3.8979591836734695,5.0,1.0,3.7192622950819674,3.345833333333333,4.16875,4.684210526315789,2.0
470731,PA,Middle Eastern,3.713760504201681,3.125,4.182934014139827,5.0,1.0,3.5,3.0,4.0,5.0,1.0,4.358974358974359,4.02900069881202,4.593406593406593,4.864864864864865,3.6126126126126126
471825,WI,Vietnamese,3.625,3.2,4.0,5.0,1.6111111111111112,3.4716981132075473,2.888888888888889,3.9671455938697315,5.0,1.0,3.720723306544202,3.5096153846153846,3.947297992794647,4.091379310344828,3.388888888888889
479553,ON,Soup,3.6290424857324033,3.1083146905294554,4.038641652948856,5.0,1.3333333333333333,3.3974358974358974,2.875,3.8615384615384616,5.0,1.0,3.541666666666667,3.06447963800905,4.015625,5.0,1.6
481128,ON,Vegetarian,3.828877005347594,3.46875,4.235294117647059,5.0,1.75,3.3974358974358974,2.875,3.8615384615384616,5.0,1.0,3.52,3.0357142857142856,3.9318181818181817,4.833333333333333,1.75
481358,ON,Salad,3.701063829787234,3.154840848806366,4.0947273197208585,5.0,1.0,3.3974358974358974,2.875,3.8615384615384616,5.0,1.0,3.6666666666666665,3.1944444444444446,4.104166666666666,4.833333333333333,1.6666666666666667
482917,ON,Chicken Wings,2.857142857142857,2.2,3.531100478468899,5.0,1.0,3.3974358974358974,2.875,3.8615384615384616,5.0,1.0,2.8666666666666667,2.3333333333333335,3.511904761904762,5.0,1.0
483530,ON,Steakhouses,3.4615384615384617,3.0,3.926470588235294,5.0,1.3333333333333333,3.3974358974358974,2.875,3.8615384615384616,5.0,1.0,3.3684210526315788,2.9572310405643742,3.9405080213903743,4.8088235294117645,2.0526315789473686
484800,SC,Greek,3.625,3.0928683385579934,4.0,5.0,1.3333333333333333,3.242424242424242,2.6666666666666665,4.0,5.0,1.0,4.037254901960784,3.835294117647059,4.23921568627451,4.4411764705882355,3.6333333333333333
485271,SC,Chinese,3.3333333333333335,2.888888888888889,3.75,5.0,1.0,3.242424242424242,2.6666666666666665,4.0,5.0,1.0,3.397435897435898,3.175,4.0,4.368421052631579,2.25
486755,SC,Barbeque,3.55,3.013157894736842,4.0,5.0,1.0,3.242424242424242,2.6666666666666665,4.0,5.0,1.0,4.012195121951219,3.4103535353535355,4.197435897435897,5.0,3.0
487746,SC,Chicken Wings,2.857142857142857,2.2,3.531100478468899,5.0,1.0,3.242424242424242,2.6666666666666665,4.0,5.0,1.0,2.7560975609756095,2.299107142857143,3.162081339712919,3.2857142857142856,1.9090909090909092
487787,SC,Mexican,3.451216287678477,2.9310344827586206,3.9444444444444446,5.0,1.0,3.242424242424242,2.6666666666666665,4.0,5.0,1.0,3.106012658227848,2.8947044334975365,3.5555555555555554,4.125,2.1666666666666665
495110,NC,German,4.049499443826473,3.577574823943662,4.328125,5.0,3.0,3.4,2.7857142857142856,3.8979591836734695,5.0,1.0,4.298412698412698,4.298412698412698,4.298412698412698,4.298412698412698,4.298412698412698
496591,OH,American (New),3.515151515151515,3.0,3.99271499644634,5.0,1.0,3.462121212121212,2.8,4.0,5.0,1.0,3.5391660415103776,3.027622632345799,4.0,4.914285714285715,1.6666666666666667
496693,OH,Diners,3.467741935483871,2.9867724867724865,3.9462585034013604,5.0,1.0,3.462121212121212,2.8,4.0,5.0,1.0,3.6704545454545454,3.351449275362319,4.115131578947368,5.0,1.2
515698,PA,Sushi Bars,3.6,3.082482993197279,4.0,5.0,1.3333333333333333,3.5,3.0,4.0,5.0,1.0,3.5595238095238093,3.113120567375886,4.094156133167171,4.75,2.3076923076923075
515740,PA,Japanese,3.546511627906977,3.1164936096858042,4.0,5.0,1.0,3.5,3.0,4.0,5.0,1.0,3.4772727272727275,3.1648596938775513,3.808108108108108,4.44,2.1492537313432836
516262,PA,Latin American,3.909090909090909,3.5,4.280373831775701,5.0,1.6666666666666667,3.5,3.0,4.0,5.0,1.0,3.877080116658089,3.756377551020408,4.162820512820513,4.588235294117647,3.1044776119402986
516632,PA,Hot Dogs,3.5555555555555554,2.9473684210526314,4.176470588235294,5.0,1.0,3.5,3.0,4.0,5.0,1.0,3.723809523809524,3.0,4.316953316953317,4.8,1.0
535363,WI,Barbeque,3.55,3.013157894736842,4.0,5.0,1.0,3.4716981132075473,2.888888888888889,3.9671455938697315,5.0,1.0,3.6,3.1904761904761907,4.0,4.375,2.2162162162162162
535426,WI,Japanese,3.546511627906977,3.1164936096858042,4.0,5.0,1.0,3.4716981132075473,2.888888888888889,3.9671455938697315,5.0,1.0,3.625,3.1481481481481484,3.8666666666666667,5.0,2.25
536110,WI,Desserts,3.75,3.1666666666666665,4.173913043478261,5.0,1.7647058823529411,3.4716981132075473,2.888888888888889,3.9671455938697315,5.0,1.0,3.952861952861953,3.5932539682539684,4.39975845410628,4.571428571428571,2.3333333333333335
538550,OH,Thai,3.6470588235294117,3.142857142857143,4.0,5.0,1.0,3.462121212121212,2.8,4.0,5.0,1.0,3.876442307692308,3.6734234234234235,4.095959595959596,4.456521739130435,2.388888888888889
538710,OH,Hot Dogs,3.5555555555555554,2.9473684210526314,4.176470588235294,5.0,1.0,3.462121212121212,2.8,4.0,5.0,1.0,3.5918367346938775,2.692982456140351,4.147186147186147,4.666666666666667,1.6666666666666667
539306,OH,Desserts,3.75,3.1666666666666665,4.173913043478261,5.0,1.7647058823529411,3.462121212121212,2.8,4.0,5.0,1.0,3.9942446043165467,3.75,4.37246963562753,5.0,2.793103448275862
539362,OH,Pizza,3.370967741935484,2.6821789321789318,3.8925070028011204,5.0,1.0,3.462121212121212,2.8,4.0,5.0,1.0,3.4660633484162897,2.7891366223908918,4.0,5.0,1.0
539534,OH,Fast Food,2.6666666666666665,2.066666666666667,3.3513513513513513,5.0,1.0,3.462121212121212,2.8,4.0,5.0,1.0,2.6666666666666665,2.0,3.604347826086957,5.0,1.0
539996,OH,Middle Eastern,3.713760504201681,3.125,4.182934014139827,5.0,1.0,3.462121212121212,2.8,4.0,5.0,1.0,4.107692307692307,3.796428571428571,4.447222222222222,4.833333333333333,2.595744680851064
540115,OH,Seafood,3.5789473684210527,3.104054054054054,4.0,5.0,1.0,3.462121212121212,2.8,4.0,5.0,1.0,3.483695652173913,2.897676056338028,3.9068181818181817,4.75,1.7307692307692308
540494,OH,Asian Fusion,3.5555555555555554,3.059831932773109,3.973373983739837,5.0,1.0,3.462121212121212,2.8,4.0,5.0,1.0,3.467171717171717,3.0107142857142857,3.9866093366093365,4.742857142857143,2.488372093023256
540690,OH,Delis,3.6,3.181235431235431,4.150961538461539,5.0,1.0,3.462121212121212,2.8,4.0,5.0,1.0,3.6951219512195124,3.3095238095238093,4.276988636363637,4.925925925925926,1.5
540745,OH,Greek,3.625,3.0928683385579934,4.0,5.0,1.3333333333333333,3.462121212121212,2.8,4.0,5.0,1.0,3.6930539099526065,3.25,4.040178571428571,4.75,2.3333333333333335
542365,QC,Steakhouses,3.4615384615384617,3.0,3.926470588235294,5.0,1.3333333333333333,3.698214285714286,3.1067251461988303,4.176102941176471,5.0,1.0,3.6,3.033333333333333,3.92741935483871,5.0,1.3333333333333333
546493,QC,Soup,3.6290424857324033,3.1083146905294554,4.038641652948856,5.0,1.3333333333333333,3.698214285714286,3.1067251461988303,4.176102941176471,5.0,1.0,4.0,3.490322580645161,4.5,5.0,1.3333333333333333
574160,PA,Indian,3.5609756097560976,3.1105006105006106,4.0177338355304455,5.0,1.0,3.5,3.0,4.0,5.0,1.0,3.5625,3.133855766176003,3.9317400465786845,4.5,2.2
576384,PA,Asian Fusion,3.5555555555555554,3.059831932773109,3.973373983739837,5.0,1.0,3.5,3.0,4.0,5.0,1.0,3.6780658209229635,3.1228098637248545,3.9825428194993413,4.684210526315789,2.25
577841,PA,Cafes,3.824644549763033,3.25,4.275862068965517,5.0,1.3333333333333333,3.5,3.0,4.0,5.0,1.0,3.888888888888889,3.392857142857143,4.349593495934959,5.0,2.0
579482,PA,Breakfast & Brunch,3.608695652173913,3.111111111111111,4.0,5.0,1.2222222222222223,3.5,3.0,4.0,5.0,1.0,3.597826086956522,3.0,4.0054945054945055,4.857142857142857,1.2222222222222223
580734,PA,French,3.955548274355614,3.4,4.3206962025316455,5.0,1.3333333333333333,3.5,3.0,4.0,5.0,1.0,3.830188679245283,3.2777777777777777,4.1582815149802155,4.578431372549019,2.0
581071,PA,Caribbean,3.8,3.4,4.176929392446634,5.0,1.25,3.5,3.0,4.0,5.0,1.0,4.068322981366459,3.8238461538461537,4.321428571428571,4.428571428571429,3.4782608695652173
582748,PA,Salad,3.701063829787234,3.154840848806366,4.0947273197208585,5.0,1.0,3.5,3.0,4.0,5.0,1.0,3.5217391304347827,2.963901689708141,3.916083916083916,4.666666666666667,2.0
585472,PA,Tex-Mex,3.0,2.430803571428571,3.578518907563025,4.615384615384615,1.0,3.5,3.0,4.0,5.0,1.0,2.4285714285714284,2.191919191919192,3.284822429906542,3.7058823529411766,1.4285714285714286
586243,PA,Chicken Wings,2.857142857142857,2.2,3.531100478468899,5.0,1.0,3.5,3.0,4.0,5.0,1.0,3.0588235294117645,2.0,3.5579710144927534,4.666666666666667,1.0
595489,OH,Mexican,3.451216287678477,2.9310344827586206,3.9444444444444446,5.0,1.0,3.462121212121212,2.8,4.0,5.0,1.0,3.5,2.8333333333333335,3.9028213166144203,5.0,1.3333333333333333
595716,OH,Burgers,3.0,2.25,3.6111632270168856,5.0,1.0,3.462121212121212,2.8,4.0,5.0,1.0,2.794736842105263,2.1634615384615383,3.548582995951417,5.0,1.0
614946,PA,Seafood,3.5789473684210527,3.104054054054054,4.0,5.0,1.0,3.5,3.0,4.0,5.0,1.0,3.36231884057971,2.9375,3.7521929824561404,4.542168674698795,1.25
617575,OH,Soup,3.6290424857324033,3.1083146905294554,4.038641652948856,5.0,1.3333333333333333,3.462121212121212,2.8,4.0,5.0,1.0,3.672348484848485,2.7808080808080806,4.1332236842105265,4.635135135135135,1.8
618976,OH,Salad,3.701063829787234,3.154840848806366,4.0947273197208585,5.0,1.0,3.462121212121212,2.8,4.0,5.0,1.0,3.6666666666666665,3.008064516129032,4.0,5.0,1.0
623290,SC,Latin American,3.909090909090909,3.5,4.280373831775701,5.0,1.6666666666666667,3.242424242424242,2.6666666666666665,4.0,5.0,1.0,4.1923076923076925,3.7051282051282053,4.402591973244148,4.456521739130435,2.8205128205128207
639000,WI,Tex-Mex,3.0,2.430803571428571,3.578518907563025,4.615384615384615,1.0,3.4716981132075473,2.888888888888889,3.9671455938697315,5.0,1.0,3.3888888888888893,2.41497975708502,3.6452205882352944,4.333333333333333,1.0
639217,WI,Diners,3.467741935483871,2.9867724867724865,3.9462585034013604,5.0,1.0,3.4716981132075473,2.888888888888889,3.9671455938697315,5.0,1.0,2.672727272727273,2.4094827586206895,3.5618556701030926,4.2,1.5714285714285714
639314,WI,Bakeries,3.923076923076923,3.3461538461538463,4.321428571428571,5.0,1.0,3.4716981132075473,2.888888888888889,3.9671455938697315,5.0,1.0,4.0606060606060606,3.7804878048780486,4.253164556962025,4.75,2.966666666666667
639918,WI,Thai,3.6470588235294117,3.142857142857143,4.0,5.0,1.0,3.4716981132075473,2.888888888888889,3.9671455938697315,5.0,1.0,3.7540983606557377,3.388790233074362,3.9761904761904763,4.392857142857143,2.3333333333333335
641854,OH,Vietnamese,3.625,3.2,4.0,5.0,1.6111111111111112,3.462121212121212,2.8,4.0,5.0,1.0,3.8823529411764706,3.567296996662959,4.176479304553986,4.465116279069767,2.9193548387096775
656532,NC,Caribbean,3.8,3.4,4.176929392446634,5.0,1.25,3.4,2.7857142857142856,3.8979591836734695,5.0,1.0,3.857142857142857,3.0980392156862746,4.0,4.2,2.3333333333333335
657700,PA,Greek,3.625,3.0928683385579934,4.0,5.0,1.3333333333333333,3.5,3.0,4.0,5.0,1.0,3.8541666666666665,3.3095238095238093,4.0,4.333333333333333,2.5
658346,PA,Delis,3.6,3.181235431235431,4.150961538461539,5.0,1.0,3.5,3.0,4.0,5.0,1.0,4.0473684210526315,3.5623636363636364,4.477941176470589,5.0,2.7777777777777777
663205,NV,Latin American,3.909090909090909,3.5,4.280373831775701,5.0,1.6666666666666667,3.464720013869282,2.8333333333333335,3.9868831407081267,5.0,1.0,3.739130434782609,3.3703703703703702,4.0,4.857142857142857,2.75
686241,IL,Indian,3.5609756097560976,3.1105006105006106,4.0177338355304455,5.0,1.0,3.3214285714285716,2.763157894736842,3.75,5.0,1.0,3.584770114942529,3.4926997950819674,3.7702991452991457,3.9451219512195124,3.3636363636363638
704188,OH,Chicken Wings,2.857142857142857,2.2,3.531100478468899,5.0,1.0,3.462121212121212,2.8,4.0,5.0,1.0,2.9444444444444446,2.25,3.46764917325665,4.4,1.0
726908,WI,Delis,3.6,3.181235431235431,4.150961538461539,5.0,1.0,3.4716981132075473,2.888888888888889,3.9671455938697315,5.0,1.0,3.8,3.3273809523809526,4.3568181818181815,5.0,2.142857142857143
740030,AZ,Indian,3.5609756097560976,3.1105006105006106,4.0177338355304455,5.0,1.0,3.449781659388646,2.8125,3.9444444444444446,5.0,1.0,3.6587301587301586,3.356274131274131,3.974137931034483,4.545454545454546,1.0
742568,OH,Indian,3.5609756097560976,3.1105006105006106,4.0177338355304455,5.0,1.0,3.462121212121212,2.8,4.0,5.0,1.0,3.9545454545454546,3.3333333333333335,4.133333333333334,4.655629139072848,2.3333333333333335
745109,PA,Korean,3.6049382716049383,3.2133090694471766,4.0,5.0,1.5384615384615385,3.5,3.0,4.0,5.0,1.0,3.9148936170212765,3.580246913580247,4.321078431372549,5.0,3.2755905511811023
748915,WI,Indian,3.5609756097560976,3.1105006105006106,4.0177338355304455,5.0,1.0,3.4716981132075473,2.888888888888889,3.9671455938697315,5.0,1.0,4.0137252083932164,3.6422821969696972,4.287892512077295,4.5576923076923075,3.3333333333333335
749338,IL,Sushi Bars,3.6,3.082482993197279,4.0,5.0,1.3333333333333333,3.3214285714285716,2.763157894736842,3.75,5.0,1.0,3.0434782608695654,2.9931677018633542,3.2310887239307178,3.4186991869918697,2.942857142857143
757512,IL,Burgers,3.0,2.25,3.6111632270168856,5.0,1.0,3.3214285714285716,2.763157894736842,3.75,5.0,1.0,2.5,2.0,3.6848484848484846,4.444444444444445,1.3333333333333333
762555,IL,American (Traditional),3.3275862068965516,2.8276785714285717,3.7682005494505493,5.0,1.0,3.3214285714285716,2.763157894736842,3.75,5.0,1.0,3.2142857142857144,3.0,3.492134831460674,4.5,2.1739130434782608
765023,NC,Hot Dogs,3.5555555555555554,2.9473684210526314,4.176470588235294,5.0,1.0,3.4,2.7857142857142856,3.8979591836734695,5.0,1.0,3.25,1.5137362637362637,4.32,4.695652173913044,1.0
765077,SC,Diners,3.467741935483871,2.9867724867724865,3.9462585034013604,5.0,1.0,3.242424242424242,2.6666666666666665,4.0,5.0,1.0,3.6303030303030304,3.481818181818182,3.778787878787879,3.9272727272727272,3.3333333333333335
765331,SC,American (Traditional),3.3275862068965516,2.8276785714285717,3.7682005494505493,5.0,1.0,3.242424242424242,2.6666666666666665,4.0,5.0,1.0,3.3528138528138527,2.846703296703297,3.8490853658536586,4.25,1.875
780188,OH,Sushi Bars,3.6,3.082482993197279,4.0,5.0,1.3333333333333333,3.462121212121212,2.8,4.0,5.0,1.0,3.8045774647887325,3.4483333333333337,4.1305555555555555,5.0,1.8
784621,PA,Vietnamese,3.625,3.2,4.0,5.0,1.6111111111111112,3.5,3.0,4.0,5.0,1.0,3.5308641975308643,3.473684210526316,3.838129496402878,4.388888888888889,3.0
800169,IL,Sandwiches,3.5,2.8333333333333335,4.0,5.0,1.0,3.3214285714285716,2.763157894736842,3.75,5.0,1.0,3.2,2.55,3.6666666666666665,4.708333333333333,1.4
845734,OH,Chinese,3.3333333333333335,2.888888888888889,3.75,5.0,1.0,3.462121212121212,2.8,4.0,5.0,1.0,3.353076923076923,2.857142857142857,3.75,4.466666666666667,1.0
853659,OH,Barbeque,3.55,3.013157894736842,4.0,5.0,1.0,3.462121212121212,2.8,4.0,5.0,1.0,3.4782608695652173,3.0,3.892556179775281,4.684210526315789,1.0
853881,OH,Tex-Mex,3.0,2.430803571428571,3.578518907563025,4.615384615384615,1.0,3.462121212121212,2.8,4.0,5.0,1.0,2.6857142857142855,2.2928571428571427,3.442028985507246,4.375,1.4545454545454546
853995,OH,Vegetarian,3.828877005347594,3.46875,4.235294117647059,5.0,1.75,3.462121212121212,2.8,4.0,5.0,1.0,4.102564102564102,3.9095238095238094,4.2996868668263035,5.0,3.3
869245,WI,Mediterranean,3.771712158808933,3.272727272727273,4.156826523712933,5.0,1.0,3.4716981132075473,2.888888888888889,3.9671455938697315,5.0,1.0,3.6359670987038886,3.5132850241545897,3.979166666666667,4.424581005586592,2.6666666666666665
869315,WI,Vegetarian,3.828877005347594,3.46875,4.235294117647059,5.0,1.75,3.4716981132075473,2.888888888888889,3.9671455938697315,5.0,1.0,3.6923076923076925,3.5833333333333335,4.102564102564102,4.8,2.227272727272727
869391,WI,Latin American,3.909090909090909,3.5,4.280373831775701,5.0,1.6666666666666667,3.4716981132075473,2.888888888888889,3.9671455938697315,5.0,1.0,3.076923076923077,2.871794871794872,3.5384615384615383,4.0,2.6666666666666665
875416,SC,Fast Food,2.6666666666666665,2.066666666666667,3.3513513513513513,5.0,1.0,3.242424242424242,2.6666666666666665,4.0,5.0,1.0,2.58125,1.8645833333333333,3.3583916083916083,4.555555555555555,1.4444444444444444
893844,ON,Hot Dogs,3.5555555555555554,2.9473684210526314,4.176470588235294,5.0,1.0,3.3974358974358974,2.875,3.8615384615384616,5.0,1.0,3.4,2.933333333333333,3.7666666666666666,4.7,1.0
899614,WI,Sushi Bars,3.6,3.082482993197279,4.0,5.0,1.3333333333333333,3.4716981132075473,2.888888888888889,3.9671455938697315,5.0,1.0,3.6311553030303028,3.384806668534604,3.777510838150289,4.4,2.593220338983051
903149,WI,Korean,3.6049382716049383,3.2133090694471766,4.0,5.0,1.5384615384615385,3.4716981132075473,2.888888888888889,3.9671455938697315,5.0,1.0,3.6,3.4727272727272727,3.7216494845360826,3.982142857142857,3.328358208955224
907724,OH,Latin American,3.909090909090909,3.5,4.280373831775701,5.0,1.6666666666666667,3.462121212121212,2.8,4.0,5.0,1.0,4.0256410256410255,3.606060606060606,4.4222222222222225,4.926829268292683,3.1333333333333333
914459,IL,Italian,3.585144927536232,3.085714285714286,4.0,5.0,1.0,3.3214285714285716,2.763157894736842,3.75,5.0,1.0,3.436470588235294,3.111111111111111,3.7949080622347946,4.5,2.75
914534,IL,Japanese,3.546511627906977,3.1164936096858042,4.0,5.0,1.0,3.3214285714285716,2.763157894736842,3.75,5.0,1.0,3.3515502354788067,3.0840123859191655,3.649621212121212,4.336507936507936,2.6153846153846154
917149,IL,Korean,3.6049382716049383,3.2133090694471766,4.0,5.0,1.5384615384615385,3.3214285714285716,2.763157894736842,3.75,5.0,1.0,3.5058823529411764,3.269138755980861,3.9918451801363197,4.425531914893617,2.5
917287,IL,Thai,3.6470588235294117,3.142857142857143,4.0,5.0,1.0,3.3214285714285716,2.763157894736842,3.75,5.0,1.0,3.6236559139784945,3.2790697674418605,4.0,4.45,2.6923076923076925
918265,OH,French,3.955548274355614,3.4,4.3206962025316455,5.0,1.3333333333333333,3.462121212121212,2.8,4.0,5.0,1.0,4.377289377289378,4.141915716682072,4.438644688644689,4.5,3.9065420560747666
923553,WI,French,3.955548274355614,3.4,4.3206962025316455,5.0,1.3333333333333333,3.4716981132075473,2.888888888888889,3.9671455938697315,5.0,1.0,4.104166666666666,3.9304123711340204,4.552083333333333,4.756756756756757,3.1
927305,SC,Burgers,3.0,2.25,3.6111632270168856,5.0,1.0,3.242424242424242,2.6666666666666665,4.0,5.0,1.0,1.977272727272727,1.5159090909090907,2.7727272727272725,4.128205128205129,1.1363636363636365
933898,NV,German,4.049499443826473,3.577574823943662,4.328125,5.0,3.0,3.464720013869282,2.8333333333333335,3.9868831407081267,5.0,1.0,4.0344827586206895,3.8036997126436782,4.205325491459877,4.376168224299065,3.5729166666666665
955771,OH,Korean,3.6049382716049383,3.2133090694471766,4.0,5.0,1.5384615384615385,3.462121212121212,2.8,4.0,5.0,1.0,3.986842105263158,3.810224089635854,4.081544256120527,5.0,3.693548387096774
956086,OH,Caribbean,3.8,3.4,4.176929392446634,5.0,1.25,3.462121212121212,2.8,4.0,5.0,1.0,4.125,4.0,4.357142857142857,4.823529411764706,3.71875
973833,WI,Hot Dogs,3.5555555555555554,2.9473684210526314,4.176470588235294,5.0,1.0,3.4716981132075473,2.888888888888889,3.9671455938697315,5.0,1.0,3.8125,3.4305555555555554,4.174831081081081,4.324324324324325,3.2222222222222223
1014228,OH,Bakeries,3.923076923076923,3.3461538461538463,4.321428571428571,5.0,1.0,3.462121212121212,2.8,4.0,5.0,1.0,3.923076923076923,3.5,4.303571428571429,5.0,1.4
1024157,IL,Fast Food,2.6666666666666665,2.066666666666667,3.3513513513513513,5.0,1.0,3.3214285714285716,2.763157894736842,3.75,5.0,1.0,2.5555555555555554,1.9117647058823528,3.25,4.333333333333333,1.0
1035995,QC,Delis,3.6,3.181235431235431,4.150961538461539,5.0,1.0,3.698214285714286,3.1067251461988303,4.176102941176471,5.0,1.0,3.3205128205128203,2.7916666666666665,4.233333333333333,4.6,1.3333333333333333
1068837,ON,German,4.049499443826473,3.577574823943662,4.328125,5.0,3.0,3.3974358974358974,2.875,3.8615384615384616,5.0,1.0,4.0,3.4166666666666665,4.269230769230769,4.3125,3.0606060606060606
1074287,SC,Tex-Mex,3.0,2.430803571428571,3.578518907563025,4.615384615384615,1.0,3.242424242424242,2.6666666666666665,4.0,5.0,1.0,2.9,2.711904761904762,3.3346153846153843,3.769230769230769,2.5238095238095237
1110296,IL,Pizza,3.370967741935484,2.6821789321789318,3.8925070028011204,5.0,1.0,3.3214285714285716,2.763157894736842,3.75,5.0,1.0,3.0789473684210527,2.415178571428571,3.6730769230769234,5.0,1.4
1142652,QC,Caribbean,3.8,3.4,4.176929392446634,5.0,1.25,3.698214285714286,3.1067251461988303,4.176102941176471,5.0,1.0,4.0,3.66,4.395238095238096,5.0,2.6666666666666665
1170779,IL,Middle Eastern,3.713760504201681,3.125,4.182934014139827,5.0,1.0,3.3214285714285716,2.763157894736842,3.75,5.0,1.0,3.357142857142857,3.342032967032967,3.423469387755102,3.489795918367347,3.326923076923077
1196116,IL,Delis,3.6,3.181235431235431,4.150961538461539,5.0,1.0,3.3214285714285716,2.763157894736842,3.75,5.0,1.0,3.8,3.5,4.5,4.822222222222222,2.6285714285714286
1196139,IL,Salad,3.701063829787234,3.154840848806366,4.0947273197208585,5.0,1.0,3.3214285714285716,2.763157894736842,3.75,5.0,1.0,3.574712643678161,3.0923659673659674,4.3172093023255815,4.846153846153846,2.0
1199084,SC,Pizza,3.370967741935484,2.6821789321789318,3.8925070028011204,5.0,1.0,3.242424242424242,2.6666666666666665,4.0,5.0,1.0,2.901639344262295,2.3666666666666667,3.583333333333333,4.117647058823529,1.0
1204349,SC,Middle Eastern,3.713760504201681,3.125,4.182934014139827,5.0,1.0,3.242424242424242,2.6666666666666665,4.0,5.0,1.0,4.09375,4.09375,4.09375,4.09375,4.09375
1223600,SC,Italian,3.585144927536232,3.085714285714286,4.0,5.0,1.0,3.242424242424242,2.6666666666666665,4.0,5.0,1.0,3.0511985409067224,2.7875,3.8775,5.0,2.1666666666666665
1266881,NV,Caribbean,3.8,3.4,4.176929392446634,5.0,1.25,3.464720013869282,2.8333333333333335,3.9868831407081267,5.0,1.0,4.374832887700535,3.6517857142857144,4.525757575757575,5.0,2.6
1283024,IL,American (New),3.515151515151515,3.0,3.99271499644634,5.0,1.0,3.3214285714285716,2.763157894736842,3.75,5.0,1.0,3.1136363636363633,2.780701754385965,3.449675324675325,4.5,2.25
1305658,WI,Greek,3.625,3.0928683385579934,4.0,5.0,1.3333333333333333,3.4716981132075473,2.888888888888889,3.9671455938697315,5.0,1.0,3.3333333333333335,2.8625,3.857723577235772,4.202702702702703,2.2857142857142856
1320614,IL,Breakfast & Brunch,3.608695652173913,3.111111111111111,4.0,5.0,1.2222222222222223,3.3214285714285716,2.763157894736842,3.75,5.0,1.0,3.589098532494759,3.1146245059288535,3.7507763975155277,4.162011173184357,2.0434782608695654
1336249,WI,Middle Eastern,3.713760504201681,3.125,4.182934014139827,5.0,1.0,3.4716981132075473,2.888888888888889,3.9671455938697315,5.0,1.0,3.7735849056603774,3.0534591194968552,4.045125786163522,4.316666666666666,2.3333333333333335
1405093,SC,Japanese,3.546511627906977,3.1164936096858042,4.0,5.0,1.0,3.242424242424242,2.6666666666666665,4.0,5.0,1.0,3.3476702508960576,3.118279569892473,3.577060931899642,3.806451612903226,2.888888888888889
1405186,SC,Seafood,3.5789473684210527,3.104054054054054,4.0,5.0,1.0,3.242424242424242,2.6666666666666665,4.0,5.0,1.0,3.375244379276637,2.9318181818181817,3.5401392961876836,3.6363636363636362,2.0
1410568,SC,Sandwiches,3.5,2.8333333333333335,4.0,5.0,1.0,3.242424242424242,2.6666666666666665,4.0,5.0,1.0,3.75,2.675,4.026315789473684,4.5,1.3333333333333333
1417989,PA,German,4.049499443826473,3.577574823943662,4.328125,5.0,3.0,3.5,3.0,4.0,5.0,1.0,4.4,3.9711442786069653,4.7,5.0,3.54228855721393
1420260,IL,Asian Fusion,3.5555555555555554,3.059831932773109,3.973373983739837,5.0,1.0,3.3214285714285716,2.763157894736842,3.75,5.0,1.0,3.3658536585365852,2.909090909090909,3.875,4.083333333333333,2.7058823529411766
1430199,IL,Greek,3.625,3.0928683385579934,4.0,5.0,1.3333333333333333,3.3214285714285716,2.763157894736842,3.75,5.0,1.0,3.642857142857143,3.595744680851064,3.676470588235294,3.853211009174312,2.25
1483278,IL,Vietnamese,3.625,3.2,4.0,5.0,1.6111111111111112,3.3214285714285716,2.763157894736842,3.75,5.0,1.0,3.614285714285714,3.5214285714285714,3.707142857142857,3.8,3.4285714285714284
1484393,IL,Tex-Mex,3.0,2.430803571428571,3.578518907563025,4.615384615384615,1.0,3.3214285714285716,2.763157894736842,3.75,5.0,1.0,2.857142857142857,2.5,3.5,3.795918367346939,2.5
1528784,IL,Cafes,3.824644549763033,3.25,4.275862068965517,5.0,1.3333333333333333,3.3214285714285716,2.763157894736842,3.75,5.0,1.0,2.864406779661017,2.6122448979591835,3.0,4.291666666666667,2.5
1530704,OH,German,4.049499443826473,3.577574823943662,4.328125,5.0,3.0,3.462121212121212,2.8,4.0,5.0,1.0,4.186104218362283,4.016129032258064,4.639423076923077,5.0,3.9583333333333335
1590202,SC,Sushi Bars,3.6,3.082482993197279,4.0,5.0,1.3333333333333333,3.242424242424242,2.6666666666666665,4.0,5.0,1.0,2.9985950122936424,2.819810326659642,3.177379697927643,3.356164383561644,2.641025641025641
1597413,IL,Diners,3.467741935483871,2.9867724867724865,3.9462585034013604,5.0,1.0,3.3214285714285716,2.763157894736842,3.75,5.0,1.0,2.4016100178890873,2.2884615384615383,2.5675249169435217,3.0142857142857142,2.0
1632655,IL,Latin American,3.909090909090909,3.5,4.280373831775701,5.0,1.6666666666666667,3.3214285714285716,2.763157894736842,3.75,5.0,1.0,3.8783783783783785,3.8783783783783785,3.8783783783783785,3.8783783783783785,3.8783783783783785
1637205,IL,Soup,3.6290424857324033,3.1083146905294554,4.038641652948856,5.0,1.3333333333333333,3.3214285714285716,2.763157894736842,3.75,5.0,1.0,3.268292682926829,3.268292682926829,3.268292682926829,3.268292682926829,3.268292682926829
1663260,SC,Bakeries,3.923076923076923,3.3461538461538463,4.321428571428571,5.0,1.0,3.242424242424242,2.6666666666666665,4.0,5.0,1.0,4.4,4.4,4.4,4.4,4.4
1668884,WI,Caribbean,3.8,3.4,4.176929392446634,5.0,1.25,3.4716981132075473,2.888888888888889,3.9671455938697315,5.0,1.0,3.875,3.6041666666666665,4.024590163934426,4.72,3.4477611940298507
1681503,IL,Chicken Wings,2.857142857142857,2.2,3.531100478468899,5.0,1.0,3.3214285714285716,2.763157894736842,3.75,5.0,1.0,3.1,2.6691176470588234,3.9375,4.2,2.0
1681508,IL,Hot Dogs,3.5555555555555554,2.9473684210526314,4.176470588235294,5.0,1.0,3.3214285714285716,2.763157894736842,3.75,5.0,1.0,3.0709064327485383,2.56469298245614,3.3958333333333335,4.0,1.4166666666666667
1722073,SC,Asian Fusion,3.5555555555555554,3.059831932773109,3.973373983739837,5.0,1.0,3.242424242424242,2.6666666666666665,4.0,5.0,1.0,3.3555194805194803,2.922533606744133,3.8402777777777777,4.111111111111111,2.807017543859649
1727600,IL,Vegetarian,3.828877005347594,3.46875,4.235294117647059,5.0,1.75,3.3214285714285716,2.763157894736842,3.75,5.0,1.0,2.6511627906976747,2.5755813953488373,2.7267441860465116,2.802325581395349,2.5
1727756,WI,Soup,3.6290424857324033,3.1083146905294554,4.038641652948856,5.0,1.3333333333333333,3.4716981132075473,2.888888888888889,3.9671455938697315,5.0,1.0,3.2744360902255636,3.268796992481203,3.280075187969925,3.2857142857142856,3.263157894736842
1760575,SC,Delis,3.6,3.181235431235431,4.150961538461539,5.0,1.0,3.242424242424242,2.6666666666666665,4.0,5.0,1.0,3.2083333333333335,3.2083333333333335,3.2083333333333335,3.2083333333333335,3.2083333333333335
1786323,IL,Bakeries,3.923076923076923,3.3461538461538463,4.321428571428571,5.0,1.0,3.3214285714285716,2.763157894736842,3.75,5.0,1.0,4.277777777777778,4.111111111111111,4.5,5.0,2.225
1786359,IL,Desserts,3.75,3.1666666666666665,4.173913043478261,5.0,1.7647058823529411,3.3214285714285716,2.763157894736842,3.75,5.0,1.0,4.181818181818182,3.611111111111111,4.25,5.0,2.5
1813578,IL,Mediterranean,3.771712158808933,3.272727272727273,4.156826523712933,5.0,1.0,3.3214285714285716,2.763157894736842,3.75,5.0,1.0,3.7037037037037037,3.382407407407407,3.8762626262626263,3.9318181818181817,3.272727272727273
1839385,IL,French,3.955548274355614,3.4,4.3206962025316455,5.0,1.3333333333333333,3.3214285714285716,2.763157894736842,3.75,5.0,1.0,3.588235294117647,3.588235294117647,3.588235294117647,3.588235294117647,3.588235294117647
1847983,SC,Salad,3.701063829787234,3.154840848806366,4.0947273197208585,5.0,1.0,3.242424242424242,2.6666666666666665,4.0,5.0,1.0,3.9491525423728815,3.6153846153846154,4.142857142857143,4.5,3.090909090909091
1934340,SC,Soup,3.6290424857324033,3.1083146905294554,4.038641652948856,5.0,1.3333333333333333,3.242424242424242,2.6666666666666665,4.0,5.0,1.0,3.918918918918919,3.918918918918919,3.918918918918919,3.918918918918919,3.918918918918919
1974476,IL,Seafood,3.5789473684210527,3.104054054054054,4.0,5.0,1.0,3.3214285714285716,2.763157894736842,3.75,5.0,1.0,2.6666666666666665,2.5597484276729556,2.84375,3.0208333333333335,2.452830188679245
1997491,SC,Breakfast & Brunch,3.608695652173913,3.111111111111111,4.0,5.0,1.2222222222222223,3.242424242424242,2.6666666666666665,4.0,5.0,1.0,3.206896551724138,3.206896551724138,3.206896551724138,3.206896551724138,3.206896551724138
2007746,SC,Cafes,3.824644549763033,3.25,4.275862068965517,5.0,1.3333333333333333,3.242424242424242,2.6666666666666665,4.0,5.0,1.0,3.25,2.625,4.0,4.75,2.0
2095455,SC,German,4.049499443826473,3.577574823943662,4.328125,5.0,3.0,3.242424242424242,2.6666666666666665,4.0,5.0,1.0,5.0,5.0,5.0,5.0,5.0
