day,state,review
1,AZ,732
2,AZ,913
3,AZ,1044
4,AZ,969
5,AZ,867
6,AZ,875
7,AZ,893
8,AZ,891
9,AZ,858
10,AZ,843
11,AZ,778
12,AZ,800
13,AZ,803
14,AZ,838
15,AZ,799
16,AZ,840
17,AZ,898
18,AZ,941
19,AZ,861
20,AZ,831
21,AZ,874
22,AZ,855
23,AZ,911
24,AZ,932
25,AZ,882
26,AZ,871
27,AZ,831
28,AZ,852
29,AZ,867
30,AZ,899
31,AZ,927
32,AZ,882
33,AZ,728
34,AZ,768
35,AZ,817
36,AZ,765
37,AZ,810
38,AZ,821
39,AZ,884
40,AZ,879
41,AZ,770
42,AZ,854
43,AZ,865
44,AZ,858
45,AZ,911
46,AZ,956
47,AZ,985
48,AZ,947
49,AZ,991
50,AZ,956
51,AZ,964
52,AZ,965
53,AZ,995
54,AZ,869
55,AZ,920
56,AZ,901
57,AZ,993
58,AZ,933
59,AZ,980
60,AZ,248
61,AZ,993
62,AZ,1008
63,AZ,854
64,AZ,970
65,AZ,985
66,AZ,958
67,AZ,903
68,AZ,983
69,AZ,947
70,AZ,897
71,AZ,939
72,AZ,1020
73,AZ,1000
74,AZ,991
75,AZ,1023
76,AZ,999
77,AZ,912
78,AZ,956
79,AZ,1125
80,AZ,959
81,AZ,938
82,AZ,993
83,AZ,950
84,AZ,918
85,AZ,1036
86,AZ,1071
87,AZ,1014
88,AZ,970
89,AZ,978
90,AZ,970
91,AZ,947
92,AZ,961
93,AZ,986
94,AZ,1030
95,AZ,928
96,AZ,933
97,AZ,963
98,AZ,879
99,AZ,980
100,AZ,1043
101,AZ,956
102,AZ,858
103,AZ,881
104,AZ,822
105,AZ,856
106,AZ,864
107,AZ,861
108,AZ,891
109,AZ,929
110,AZ,944
111,AZ,842
112,AZ,797
113,AZ,926
114,AZ,1027
115,AZ,902
116,AZ,869
117,AZ,884
118,AZ,918
119,AZ,869
120,AZ,914
121,AZ,998
122,AZ,858
123,AZ,901
124,AZ,932
125,AZ,809
126,AZ,841
127,AZ,926
128,AZ,955
129,AZ,901
130,AZ,908
131,AZ,864
132,AZ,898
133,AZ,883
134,AZ,942
135,AZ,969
136,AZ,991
137,AZ,892
138,AZ,866
139,AZ,914
140,AZ,882
141,AZ,883
142,AZ,937
143,AZ,949
144,AZ,922
145,AZ,875
146,AZ,917
147,AZ,807
148,AZ,985
149,AZ,922
150,AZ,941
151,AZ,844
152,AZ,908
153,AZ,915
154,AZ,880
155,AZ,890
156,AZ,956
157,AZ,827
158,AZ,879
159,AZ,930
160,AZ,845
161,AZ,872
162,AZ,932
163,AZ,898
164,AZ,938
165,AZ,914
166,AZ,855
167,AZ,877
168,AZ,816
169,AZ,971
170,AZ,941
171,AZ,925
172,AZ,872
173,AZ,860
174,AZ,923
175,AZ,857
176,AZ,967
177,AZ,1050
178,AZ,942
179,AZ,903
180,AZ,925
181,AZ,912
182,AZ,786
183,AZ,858
184,AZ,1007
185,AZ,902
186,AZ,882
187,AZ,794
188,AZ,892
189,AZ,845
190,AZ,965
191,AZ,1069
192,AZ,1001
193,AZ,885
194,AZ,908
195,AZ,962
196,AZ,912
197,AZ,917
198,AZ,1031
199,AZ,952
200,AZ,980
201,AZ,955
202,AZ,979
203,AZ,916
204,AZ,999
205,AZ,993
206,AZ,1005
207,AZ,870
208,AZ,915
209,AZ,924
210,AZ,894
211,AZ,979
212,AZ,1070
213,AZ,971
214,AZ,915
215,AZ,936
216,AZ,854
217,AZ,883
218,AZ,953
219,AZ,972
220,AZ,938
221,AZ,875
222,AZ,920
223,AZ,955
224,AZ,883
225,AZ,970
226,AZ,1018
227,AZ,922
228,AZ,987
229,AZ,946
230,AZ,951
231,AZ,827
232,AZ,922
233,AZ,966
234,AZ,962
235,AZ,898
236,AZ,932
237,AZ,972
238,AZ,800
239,AZ,824
240,AZ,889
241,AZ,860
242,AZ,869
243,AZ,917
244,AZ,841
245,AZ,801
246,AZ,883
247,AZ,968
248,AZ,907
249,AZ,923
250,AZ,952
251,AZ,894
252,AZ,888
253,AZ,827
254,AZ,875
255,AZ,849
256,AZ,874
257,AZ,863
258,AZ,863
259,AZ,792
260,AZ,848
261,AZ,939
262,AZ,842
263,AZ,831
264,AZ,895
265,AZ,861
266,AZ,835
267,AZ,868
268,AZ,968
269,AZ,888
270,AZ,826
271,AZ,864
272,AZ,795
273,AZ,839
274,AZ,828
275,AZ,853
276,AZ,777
277,AZ,787
278,AZ,829
279,AZ,833
280,AZ,780
281,AZ,787
282,AZ,928
283,AZ,905
284,AZ,842
285,AZ,868
286,AZ,804
287,AZ,867
288,AZ,907
289,AZ,925
290,AZ,863
291,AZ,821
292,AZ,780
293,AZ,835
294,AZ,833
295,AZ,897
296,AZ,920
297,AZ,939
298,AZ,841
299,AZ,913
300,AZ,832
301,AZ,803
302,AZ,886
303,AZ,892
304,AZ,831
305,AZ,789
306,AZ,660
307,AZ,793
308,AZ,781
309,AZ,807
310,AZ,856
311,AZ,820
312,AZ,856
313,AZ,876
314,AZ,853
315,AZ,785
316,AZ,921
317,AZ,998
318,AZ,948
319,AZ,894
320,AZ,881
321,AZ,900
322,AZ,772
323,AZ,840
324,AZ,878
325,AZ,783
326,AZ,796
327,AZ,807
328,AZ,765
329,AZ,678
330,AZ,706
331,AZ,804
332,AZ,726
333,AZ,734
334,AZ,784
335,AZ,820
336,AZ,754
337,AZ,808
338,AZ,833
339,AZ,806
340,AZ,880
341,AZ,835
342,AZ,834
343,AZ,808
344,AZ,803
345,AZ,813
346,AZ,738
347,AZ,671
348,AZ,625
349,AZ,647
350,AZ,625
351,AZ,649
352,AZ,654
353,AZ,636
354,AZ,585
355,AZ,674
356,AZ,687
357,AZ,685
358,AZ,654
359,AZ,620
360,AZ,311
361,AZ,512
362,AZ,767
363,AZ,883
364,AZ,905
365,AZ,913
366,AZ,857
1,IL,5
2,IL,9
3,IL,12
4,IL,8
5,IL,8
6,IL,8
7,IL,5
8,IL,6
9,IL,7
10,IL,10
11,IL,7
12,IL,5
13,IL,11
14,IL,9
15,IL,4
16,IL,6
17,IL,1
18,IL,7
19,IL,4
20,IL,7
21,IL,7
22,IL,9
23,IL,7
24,IL,5
25,IL,7
26,IL,6
27,IL,7
28,IL,6
29,IL,7
30,IL,12
31,IL,15
32,IL,4
33,IL,7
34,IL,8
35,IL,7
36,IL,10
37,IL,6
38,IL,2
39,IL,3
40,IL,8
41,IL,9
42,IL,5
43,IL,10
44,IL,6
45,IL,6
46,IL,6
47,IL,6
48,IL,8
49,IL,7
50,IL,7
51,IL,5
52,IL,5
53,IL,7
54,IL,14
55,IL,8
56,IL,9
57,IL,8
58,IL,7
59,IL,5
60,IL,6
61,IL,7
62,IL,9
63,IL,9
64,IL,11
65,IL,7
66,IL,8
67,IL,3
68,IL,6
69,IL,9
70,IL,4
71,IL,5
72,IL,5
73,IL,8
74,IL,9
75,IL,12
76,IL,10
77,IL,12
78,IL,9
79,IL,9
80,IL,7
81,IL,4
82,IL,9
83,IL,9
84,IL,8
85,IL,7
86,IL,10
87,IL,9
88,IL,11
89,IL,7
90,IL,7
91,IL,9
92,IL,8
93,IL,12
94,IL,7
95,IL,8
96,IL,2
97,IL,7
98,IL,4
99,IL,5
100,IL,11
101,IL,17
102,IL,6
103,IL,12
104,IL,9
105,IL,7
106,IL,8
107,IL,10
108,IL,4
109,IL,10
110,IL,11
111,IL,6
112,IL,5
113,IL,10
114,IL,10
115,IL,18
116,IL,9
117,IL,12
118,IL,6
119,IL,7
120,IL,13
121,IL,10
122,IL,8
123,IL,9
124,IL,7
125,IL,8
126,IL,12
127,IL,5
128,IL,8
129,IL,16
130,IL,4
131,IL,9
132,IL,8
133,IL,6
134,IL,4
135,IL,13
136,IL,6
137,IL,10
138,IL,12
139,IL,13
140,IL,6
141,IL,11
142,IL,8
143,IL,7
144,IL,8
145,IL,9
146,IL,4
147,IL,10
148,IL,4
149,IL,10
150,IL,10
151,IL,9
152,IL,4
153,IL,2
154,IL,8
155,IL,8
156,IL,8
157,IL,13
158,IL,7
159,IL,11
160,IL,7
161,IL,12
162,IL,5
163,IL,1
164,IL,13
165,IL,4
166,IL,12
167,IL,12
168,IL,7
169,IL,9
170,IL,4
171,IL,7
172,IL,5
173,IL,9
174,IL,7
175,IL,13
176,IL,11
177,IL,10
178,IL,16
179,IL,5
180,IL,6
181,IL,7
182,IL,9
183,IL,7
184,IL,12
185,IL,10
186,IL,6
187,IL,4
188,IL,4
189,IL,11
190,IL,9
191,IL,10
192,IL,7
193,IL,4
194,IL,7
195,IL,12
196,IL,10
197,IL,8
198,IL,8
199,IL,5
200,IL,13
201,IL,5
202,IL,3
203,IL,11
204,IL,7
205,IL,10
206,IL,12
207,IL,9
208,IL,13
209,IL,10
210,IL,10
211,IL,5
212,IL,8
213,IL,7
214,IL,8
215,IL,7
216,IL,12
217,IL,5
218,IL,6
219,IL,7
220,IL,4
221,IL,13
222,IL,12
223,IL,5
224,IL,15
225,IL,8
226,IL,11
227,IL,4
228,IL,9
229,IL,8
230,IL,4
231,IL,8
232,IL,5
233,IL,7
234,IL,7
235,IL,9
236,IL,8
237,IL,8
238,IL,12
239,IL,5
240,IL,5
241,IL,7
242,IL,9
243,IL,10
244,IL,4
245,IL,12
246,IL,9
247,IL,3
248,IL,8
249,IL,7
250,IL,12
251,IL,9
252,IL,11
253,IL,5
254,IL,5
255,IL,9
256,IL,12
257,IL,8
258,IL,5
259,IL,9
260,IL,6
261,IL,8
262,IL,1
263,IL,9
264,IL,6
265,IL,8
266,IL,10
267,IL,5
268,IL,3
269,IL,10
270,IL,7
271,IL,12
272,IL,9
273,IL,5
274,IL,8
275,IL,7
276,IL,4
277,IL,5
278,IL,6
279,IL,7
280,IL,7
281,IL,11
282,IL,9
283,IL,6
284,IL,15
285,IL,6
286,IL,8
287,IL,12
288,IL,6
289,IL,10
290,IL,6
291,IL,7
292,IL,3
293,IL,5
294,IL,5
295,IL,10
296,IL,2
297,IL,8
298,IL,4
299,IL,8
300,IL,5
301,IL,9
302,IL,6
303,IL,11
304,IL,4
305,IL,12
306,IL,6
307,IL,5
308,IL,12
309,IL,8
310,IL,9
311,IL,5
312,IL,12
313,IL,9
314,IL,10
315,IL,5
316,IL,9
317,IL,13
318,IL,5
319,IL,14
320,IL,14
321,IL,6
322,IL,6
323,IL,15
324,IL,6
325,IL,13
326,IL,6
327,IL,5
328,IL,6
329,IL,12
330,IL,7
331,IL,3
332,IL,7
333,IL,4
334,IL,9
335,IL,11
336,IL,9
337,IL,6
338,IL,5
339,IL,11
340,IL,7
341,IL,5
342,IL,2
343,IL,8
344,IL,13
345,IL,6
346,IL,11
347,IL,10
348,IL,6
349,IL,10
350,IL,2
351,IL,7
352,IL,4
353,IL,9
354,IL,2
355,IL,5
356,IL,6
357,IL,6
358,IL,7
359,IL,1
360,IL,8
361,IL,4
362,IL,6
363,IL,5
364,IL,6
365,IL,2
1,NC,149
2,NC,177
3,NC,175
4,NC,156
5,NC,131
6,NC,136
7,NC,130
8,NC,130
9,NC,138
10,NC,134
11,NC,132
12,NC,124
13,NC,129
14,NC,117
15,NC,136
16,NC,171
17,NC,146
18,NC,165
19,NC,137
20,NC,134
21,NC,141
22,NC,149
23,NC,152
24,NC,138
25,NC,171
26,NC,153
27,NC,137
28,NC,160
29,NC,167
30,NC,163
31,NC,149
32,NC,133
33,NC,144
34,NC,109
35,NC,122
36,NC,139
37,NC,138
38,NC,140
39,NC,143
40,NC,123
41,NC,113
42,NC,140
43,NC,141
44,NC,150
45,NC,142
46,NC,187
47,NC,182
48,NC,148
49,NC,158
50,NC,167
51,NC,205
52,NC,186
53,NC,160
54,NC,162
55,NC,140
56,NC,148
57,NC,153
58,NC,161
59,NC,148
60,NC,43
61,NC,145
62,NC,130
63,NC,129
64,NC,154
65,NC,164
66,NC,155
67,NC,164
68,NC,127
69,NC,145
70,NC,151
71,NC,152
72,NC,176
73,NC,112
74,NC,132
75,NC,136
76,NC,138
77,NC,118
78,NC,137
79,NC,135
80,NC,141
81,NC,127
82,NC,125
83,NC,142
84,NC,135
85,NC,167
86,NC,171
87,NC,162
88,NC,146
89,NC,143
90,NC,152
91,NC,138
92,NC,123
93,NC,166
94,NC,135
95,NC,156
96,NC,140
97,NC,146
98,NC,150
99,NC,145
100,NC,169
101,NC,145
102,NC,133
103,NC,132
104,NC,161
105,NC,156
106,NC,151
107,NC,162
108,NC,161
109,NC,172
110,NC,153
111,NC,136
112,NC,136
113,NC,156
114,NC,144
115,NC,151
116,NC,140
117,NC,156
118,NC,135
119,NC,144
120,NC,145
121,NC,170
122,NC,139
123,NC,151
124,NC,149
125,NC,150
126,NC,170
127,NC,141
128,NC,143
129,NC,165
130,NC,149
131,NC,149
132,NC,158
133,NC,145
134,NC,170
135,NC,165
136,NC,150
137,NC,130
138,NC,163
139,NC,174
140,NC,149
141,NC,164
142,NC,162
143,NC,160
144,NC,154
145,NC,151
146,NC,127
147,NC,127
148,NC,163
149,NC,156
150,NC,194
151,NC,149
152,NC,157
153,NC,175
154,NC,149
155,NC,155
156,NC,179
157,NC,169
158,NC,153
159,NC,165
160,NC,176
161,NC,160
162,NC,159
163,NC,179
164,NC,169
165,NC,134
166,NC,176
167,NC,178
168,NC,140
169,NC,182
170,NC,179
171,NC,155
172,NC,152
173,NC,162
174,NC,150
175,NC,127
176,NC,153
177,NC,193
178,NC,187
179,NC,171
180,NC,164
181,NC,149
182,NC,134
183,NC,123
184,NC,159
185,NC,192
186,NC,172
187,NC,143
188,NC,207
189,NC,157
190,NC,155
191,NC,187
192,NC,161
193,NC,154
194,NC,146
195,NC,162
196,NC,156
197,NC,186
198,NC,182
199,NC,212
200,NC,172
201,NC,168
202,NC,154
203,NC,170
204,NC,176
205,NC,215
206,NC,188
207,NC,210
208,NC,205
209,NC,203
210,NC,177
211,NC,172
212,NC,230
213,NC,207
214,NC,169
215,NC,193
216,NC,168
217,NC,182
218,NC,166
219,NC,213
220,NC,161
221,NC,177
222,NC,190
223,NC,197
224,NC,145
225,NC,162
226,NC,210
227,NC,159
228,NC,165
229,NC,164
230,NC,173
231,NC,163
232,NC,168
233,NC,184
234,NC,165
235,NC,149
236,NC,164
237,NC,158
238,NC,119
239,NC,150
240,NC,167
241,NC,158
242,NC,158
243,NC,140
244,NC,147
245,NC,135
246,NC,150
247,NC,160
248,NC,167
249,NC,146
250,NC,151
251,NC,180
252,NC,146
253,NC,163
254,NC,167
255,NC,167
256,NC,160
257,NC,152
258,NC,172
259,NC,128
260,NC,153
261,NC,165
262,NC,173
263,NC,160
264,NC,175
265,NC,146
266,NC,155
267,NC,172
268,NC,145
269,NC,152
270,NC,165
271,NC,174
272,NC,157
273,NC,138
274,NC,140
275,NC,161
276,NC,140
277,NC,171
278,NC,188
279,NC,141
280,NC,136
281,NC,169
282,NC,156
283,NC,161
284,NC,162
285,NC,181
286,NC,157
287,NC,175
288,NC,152
289,NC,158
290,NC,133
291,NC,156
292,NC,147
293,NC,165
294,NC,124
295,NC,150
296,NC,140
297,NC,176
298,NC,156
299,NC,166
300,NC,169
301,NC,121
302,NC,148
303,NC,162
304,NC,130
305,NC,114
306,NC,110
307,NC,155
308,NC,157
309,NC,151
310,NC,154
311,NC,164
312,NC,144
313,NC,154
314,NC,131
315,NC,166
316,NC,155
317,NC,197
318,NC,167
319,NC,164
320,NC,131
321,NC,150
322,NC,155
323,NC,174
324,NC,147
325,NC,170
326,NC,155
327,NC,143
328,NC,146
329,NC,120
330,NC,112
331,NC,128
332,NC,111
333,NC,128
334,NC,129
335,NC,129
336,NC,132
337,NC,119
338,NC,144
339,NC,138
340,NC,131
341,NC,147
342,NC,144
343,NC,120
344,NC,165
345,NC,175
346,NC,102
347,NC,122
348,NC,142
349,NC,96
350,NC,105
351,NC,114
352,NC,99
353,NC,107
354,NC,112
355,NC,117
356,NC,138
357,NC,121
358,NC,121
359,NC,73
360,NC,57
361,NC,72
362,NC,140
363,NC,151
364,NC,162
365,NC,125
366,NC,160
1,NV,1106
2,NV,1504
3,NV,1574
4,NV,1499
5,NV,1359
6,NV,1382
7,NV,1361
8,NV,1347
9,NV,1279
10,NV,1224
11,NV,1222
12,NV,1184
13,NV,1126
14,NV,1168
15,NV,1223
16,NV,1267
17,NV,1317
18,NV,1340
19,NV,1379
20,NV,1219
21,NV,1252
22,NV,1234
23,NV,1294
24,NV,1296
25,NV,1281
26,NV,1126
27,NV,1091
28,NV,1225
29,NV,1157
30,NV,1145
31,NV,1171
32,NV,1169
33,NV,1046
34,NV,1010
35,NV,1102
36,NV,1063
37,NV,1044
38,NV,1132
39,NV,1173
40,NV,1137
41,NV,1171
42,NV,1117
43,NV,1173
44,NV,1162
45,NV,1290
46,NV,1525
47,NV,1421
48,NV,1342
49,NV,1344
50,NV,1363
51,NV,1402
52,NV,1383
53,NV,1379
54,NV,1258
55,NV,1234
56,NV,1268
57,NV,1214
58,NV,1228
59,NV,1340
60,NV,401
61,NV,1222
62,NV,1206
63,NV,1174
64,NV,1241
65,NV,1193
66,NV,1215
67,NV,1253
68,NV,1212
69,NV,1095
70,NV,1138
71,NV,1065
72,NV,1238
73,NV,1204
74,NV,1199
75,NV,1169
76,NV,1176
77,NV,1092
78,NV,1113
79,NV,1255
80,NV,1276
81,NV,1228
82,NV,1248
83,NV,1252
84,NV,1223
85,NV,1255
86,NV,1423
87,NV,1373
88,NV,1295
89,NV,1285
90,NV,1308
91,NV,1331
92,NV,1348
93,NV,1361
94,NV,1341
95,NV,1286
96,NV,1267
97,NV,1195
98,NV,1237
99,NV,1406
100,NV,1334
101,NV,1360
102,NV,1310
103,NV,1275
104,NV,1217
105,NV,1226
106,NV,1387
107,NV,1339
108,NV,1327
109,NV,1294
110,NV,1254
111,NV,1241
112,NV,1160
113,NV,1238
114,NV,1266
115,NV,1326
116,NV,1265
117,NV,1265
118,NV,1258
119,NV,1212
120,NV,1286
121,NV,1350
122,NV,1283
123,NV,1186
124,NV,1162
125,NV,1132
126,NV,1112
127,NV,1173
128,NV,1240
129,NV,1224
130,NV,1180
131,NV,1185
132,NV,1181
133,NV,1210
134,NV,1284
135,NV,1296
136,NV,1280
137,NV,1273
138,NV,1247
139,NV,1253
140,NV,1193
141,NV,1135
142,NV,1244
143,NV,1191
144,NV,1169
145,NV,1218
146,NV,1290
147,NV,1244
148,NV,1309
149,NV,1317
150,NV,1367
151,NV,1386
152,NV,1391
153,NV,1387
154,NV,1232
155,NV,1319
156,NV,1261
157,NV,1237
158,NV,1348
159,NV,1231
160,NV,1210
161,NV,1283
162,NV,1333
163,NV,1382
164,NV,1349
165,NV,1298
166,NV,1319
167,NV,1269
168,NV,1358
169,NV,1364
170,NV,1388
171,NV,1366
172,NV,1374
173,NV,1352
174,NV,1425
175,NV,1339
176,NV,1412
177,NV,1514
178,NV,1520
179,NV,1428
180,NV,1458
181,NV,1482
182,NV,1431
183,NV,1510
184,NV,1540
185,NV,1504
186,NV,1445
187,NV,1375
188,NV,1624
189,NV,1535
190,NV,1565
191,NV,1627
192,NV,1552
193,NV,1433
194,NV,1406
195,NV,1512
196,NV,1479
197,NV,1508
198,NV,1605
199,NV,1512
200,NV,1410
201,NV,1478
202,NV,1411
203,NV,1389
204,NV,1409
205,NV,1444
206,NV,1391
207,NV,1390
208,NV,1409
209,NV,1432
210,NV,1404
211,NV,1463
212,NV,1623
213,NV,1448
214,NV,1445
215,NV,1369
216,NV,1406
217,NV,1323
218,NV,1434
219,NV,1522
220,NV,1458
221,NV,1515
222,NV,1444
223,NV,1459
224,NV,1347
225,NV,1530
226,NV,1547
227,NV,1484
228,NV,1415
229,NV,1388
230,NV,1410
231,NV,1387
232,NV,1448
233,NV,1448
234,NV,1407
235,NV,1285
236,NV,1360
237,NV,1444
238,NV,1284
239,NV,1351
240,NV,1436
241,NV,1381
242,NV,1414
243,NV,1388
244,NV,1355
245,NV,1291
246,NV,1325
247,NV,1414
248,NV,1517
249,NV,1472
250,NV,1530
251,NV,1433
252,NV,1434
253,NV,1346
254,NV,1393
255,NV,1365
256,NV,1277
257,NV,1291
258,NV,1244
259,NV,1211
260,NV,1301
261,NV,1237
262,NV,1250
263,NV,1343
264,NV,1255
265,NV,1233
266,NV,1212
267,NV,1241
268,NV,1320
269,NV,1284
270,NV,1216
271,NV,1298
272,NV,1194
273,NV,1263
274,NV,1184
275,NV,1276
276,NV,1187
277,NV,1212
278,NV,1186
279,NV,1152
280,NV,1148
281,NV,1129
282,NV,1316
283,NV,1333
284,NV,1269
285,NV,1274
286,NV,1280
287,NV,1236
288,NV,1297
289,NV,1305
290,NV,1263
291,NV,1284
292,NV,1285
293,NV,1269
294,NV,1149
295,NV,1258
296,NV,1343
297,NV,1266
298,NV,1264
299,NV,1198
300,NV,1249
301,NV,1126
302,NV,1189
303,NV,1210
304,NV,1118
305,NV,1111
306,NV,1048
307,NV,1187
308,NV,1199
309,NV,1311
310,NV,1310
311,NV,1210
312,NV,1324
313,NV,1290
314,NV,1222
315,NV,1273
316,NV,1406
317,NV,1363
318,NV,1268
319,NV,1286
320,NV,1296
321,NV,1304
322,NV,1222
323,NV,1282
324,NV,1228
325,NV,1242
326,NV,1342
327,NV,1263
328,NV,1193
329,NV,1157
330,NV,1254
331,NV,1262
332,NV,1286
333,NV,1248
334,NV,1360
335,NV,1294
336,NV,1205
337,NV,1162
338,NV,1252
339,NV,1224
340,NV,1256
341,NV,1277
342,NV,1125
343,NV,1103
344,NV,1149
345,NV,1128
346,NV,1103
347,NV,881
348,NV,939
349,NV,942
350,NV,902
351,NV,925
352,NV,880
353,NV,878
354,NV,883
355,NV,1014
356,NV,1007
357,NV,1089
358,NV,1052
359,NV,942
360,NV,828
361,NV,1113
362,NV,1535
363,NV,1582
364,NV,1597
365,NV,1608
366,NV,1498
1,OH,77
2,OH,92
3,OH,94
4,OH,106
5,OH,79
6,OH,75
7,OH,66
8,OH,95
9,OH,69
10,OH,103
11,OH,86
12,OH,84
13,OH,63
14,OH,75
15,OH,93
16,OH,93
17,OH,87
18,OH,110
19,OH,94
20,OH,56
21,OH,74
22,OH,78
23,OH,80
24,OH,99
25,OH,85
26,OH,73
27,OH,84
28,OH,63
29,OH,97
30,OH,96
31,OH,105
32,OH,85
33,OH,77
34,OH,69
35,OH,78
36,OH,79
37,OH,84
38,OH,100
39,OH,85
40,OH,90
41,OH,72
42,OH,72
43,OH,89
44,OH,72
45,OH,92
46,OH,123
47,OH,99
48,OH,82
49,OH,113
50,OH,81
51,OH,103
52,OH,105
53,OH,105
54,OH,102
55,OH,78
56,OH,94
57,OH,102
58,OH,101
59,OH,93
60,OH,16
61,OH,94
62,OH,93
63,OH,76
64,OH,72
65,OH,95
66,OH,73
67,OH,83
68,OH,78
69,OH,80
70,OH,63
71,OH,92
72,OH,104
73,OH,70
74,OH,82
75,OH,83
76,OH,90
77,OH,58
78,OH,72
79,OH,106
80,OH,92
81,OH,77
82,OH,92
83,OH,75
84,OH,65
85,OH,77
86,OH,78
87,OH,105
88,OH,86
89,OH,82
90,OH,86
91,OH,102
92,OH,78
93,OH,87
94,OH,98
95,OH,100
96,OH,88
97,OH,85
98,OH,89
99,OH,74
100,OH,91
101,OH,86
102,OH,77
103,OH,78
104,OH,87
105,OH,84
106,OH,74
107,OH,84
108,OH,75
109,OH,95
110,OH,86
111,OH,86
112,OH,97
113,OH,99
114,OH,100
115,OH,97
116,OH,91
117,OH,93
118,OH,80
119,OH,110
120,OH,72
121,OH,92
122,OH,82
123,OH,100
124,OH,85
125,OH,83
126,OH,99
127,OH,94
128,OH,76
129,OH,84
130,OH,69
131,OH,77
132,OH,77
133,OH,90
134,OH,84
135,OH,97
136,OH,110
137,OH,83
138,OH,108
139,OH,103
140,OH,90
141,OH,85
142,OH,110
143,OH,86
144,OH,99
145,OH,77
146,OH,88
147,OH,76
148,OH,96
149,OH,93
150,OH,139
151,OH,81
152,OH,84
153,OH,77
154,OH,76
155,OH,105
156,OH,95
157,OH,90
158,OH,94
159,OH,100
160,OH,84
161,OH,90
162,OH,95
163,OH,96
164,OH,91
165,OH,95
166,OH,96
167,OH,85
168,OH,76
169,OH,83
170,OH,96
171,OH,94
172,OH,115
173,OH,93
174,OH,107
175,OH,110
176,OH,81
177,OH,100
178,OH,97
179,OH,81
180,OH,103
181,OH,89
182,OH,97
183,OH,110
184,OH,114
185,OH,108
186,OH,83
187,OH,90
188,OH,92
189,OH,97
190,OH,132
191,OH,102
192,OH,114
193,OH,115
194,OH,114
195,OH,122
196,OH,104
197,OH,99
198,OH,116
199,OH,113
200,OH,98
201,OH,77
202,OH,92
203,OH,108
204,OH,115
205,OH,113
206,OH,116
207,OH,93
208,OH,128
209,OH,108
210,OH,112
211,OH,116
212,OH,134
213,OH,126
214,OH,96
215,OH,106
216,OH,114
217,OH,121
218,OH,123
219,OH,134
220,OH,106
221,OH,101
222,OH,108
223,OH,132
224,OH,107
225,OH,116
226,OH,131
227,OH,133
228,OH,113
229,OH,103
230,OH,101
231,OH,114
232,OH,116
233,OH,119
234,OH,105
235,OH,100
236,OH,124
237,OH,105
238,OH,101
239,OH,99
240,OH,115
241,OH,100
242,OH,106
243,OH,96
244,OH,100
245,OH,96
246,OH,80
247,OH,108
248,OH,99
249,OH,72
250,OH,113
251,OH,95
252,OH,111
253,OH,84
254,OH,106
255,OH,82
256,OH,90
257,OH,92
258,OH,82
259,OH,92
260,OH,84
261,OH,119
262,OH,87
263,OH,88
264,OH,80
265,OH,76
266,OH,88
267,OH,117
268,OH,78
269,OH,90
270,OH,103
271,OH,93
272,OH,88
273,OH,101
274,OH,77
275,OH,87
276,OH,80
277,OH,74
278,OH,82
279,OH,92
280,OH,66
281,OH,80
282,OH,90
283,OH,98
284,OH,94
285,OH,77
286,OH,91
287,OH,107
288,OH,90
289,OH,89
290,OH,94
291,OH,105
292,OH,99
293,OH,92
294,OH,79
295,OH,94
296,OH,87
297,OH,91
298,OH,96
299,OH,86
300,OH,80
301,OH,86
302,OH,86
303,OH,97
304,OH,72
305,OH,77
306,OH,72
307,OH,90
308,OH,85
309,OH,76
310,OH,99
311,OH,115
312,OH,70
313,OH,90
314,OH,69
315,OH,82
316,OH,91
317,OH,98
318,OH,91
319,OH,93
320,OH,79
321,OH,76
322,OH,91
323,OH,80
324,OH,77
325,OH,73
326,OH,94
327,OH,90
328,OH,90
329,OH,67
330,OH,80
331,OH,87
332,OH,89
333,OH,74
334,OH,111
335,OH,94
336,OH,106
337,OH,76
338,OH,93
339,OH,84
340,OH,99
341,OH,88
342,OH,83
343,OH,95
344,OH,65
345,OH,82
346,OH,71
347,OH,61
348,OH,64
349,OH,62
350,OH,71
351,OH,65
352,OH,65
353,OH,59
354,OH,80
355,OH,66
356,OH,62
357,OH,62
358,OH,81
359,OH,55
360,OH,39
361,OH,70
362,OH,94
363,OH,116
364,OH,109
365,OH,148
366,OH,113
1,ON,161
2,ON,235
3,ON,264
4,ON,263
5,ON,180
6,ON,216
7,ON,231
8,ON,228
9,ON,220
10,ON,241
11,ON,221
12,ON,184
13,ON,189
14,ON,189
15,ON,194
16,ON,200
17,ON,196
18,ON,197
19,ON,176
20,ON,186
21,ON,196
22,ON,218
23,ON,203
24,ON,234
25,ON,210
26,ON,221
27,ON,211
28,ON,199
29,ON,218
30,ON,216
31,ON,225
32,ON,225
33,ON,215
34,ON,191
35,ON,200
36,ON,207
37,ON,232
38,ON,213
39,ON,226
40,ON,197
41,ON,196
42,ON,222
43,ON,211
44,ON,210
45,ON,223
46,ON,275
47,ON,224
48,ON,228
49,ON,208
50,ON,218
51,ON,217
52,ON,260
53,ON,228
54,ON,236
55,ON,221
56,ON,181
57,ON,210
58,ON,222
59,ON,242
60,ON,64
61,ON,196
62,ON,190
63,ON,168
64,ON,223
65,ON,223
66,ON,209
67,ON,215
68,ON,214
69,ON,225
70,ON,205
71,ON,216
72,ON,241
73,ON,260
74,ON,226
75,ON,229
76,ON,205
77,ON,199
78,ON,202
79,ON,279
80,ON,227
81,ON,182
82,ON,218
83,ON,192
84,ON,211
85,ON,228
86,ON,254
87,ON,229
88,ON,207
89,ON,242
90,ON,221
91,ON,188
92,ON,187
93,ON,223
94,ON,269
95,ON,212
96,ON,217
97,ON,199
98,ON,222
99,ON,229
100,ON,231
101,ON,269
102,ON,219
103,ON,211
104,ON,208
105,ON,191
106,ON,221
107,ON,227
108,ON,196
109,ON,229
110,ON,202
111,ON,215
112,ON,193
113,ON,231
114,ON,225
115,ON,235
116,ON,209
117,ON,190
118,ON,225
119,ON,190
120,ON,215
121,ON,247
122,ON,226
123,ON,182
124,ON,193
125,ON,219
126,ON,197
127,ON,187
128,ON,245
129,ON,219
130,ON,227
131,ON,218
132,ON,198
133,ON,182
134,ON,233
135,ON,235
136,ON,240
137,ON,221
138,ON,208
139,ON,229
140,ON,220
141,ON,192
142,ON,237
143,ON,193
144,ON,226
145,ON,227
146,ON,219
147,ON,207
148,ON,222
149,ON,262
150,ON,261
151,ON,248
152,ON,221
153,ON,228
154,ON,221
155,ON,216
156,ON,246
157,ON,221
158,ON,204
159,ON,220
160,ON,226
161,ON,215
162,ON,228
163,ON,234
164,ON,218
165,ON,235
166,ON,210
167,ON,190
168,ON,218
169,ON,208
170,ON,256
171,ON,260
172,ON,227
173,ON,202
174,ON,226
175,ON,231
176,ON,222
177,ON,219
178,ON,234
179,ON,226
180,ON,192
181,ON,231
182,ON,210
183,ON,225
184,ON,225
185,ON,264
186,ON,274
187,ON,272
188,ON,315
189,ON,286
190,ON,242
191,ON,250
192,ON,289
193,ON,264
194,ON,258
195,ON,247
196,ON,236
197,ON,258
198,ON,294
199,ON,278
200,ON,282
201,ON,252
202,ON,250
203,ON,272
204,ON,275
205,ON,253
206,ON,275
207,ON,275
208,ON,282
209,ON,265
210,ON,254
211,ON,263
212,ON,265
213,ON,295
214,ON,259
215,ON,256
216,ON,253
217,ON,258
218,ON,291
219,ON,252
220,ON,312
221,ON,300
222,ON,278
223,ON,253
224,ON,283
225,ON,266
226,ON,284
227,ON,301
228,ON,307
229,ON,238
230,ON,301
231,ON,254
232,ON,314
233,ON,259
234,ON,257
235,ON,281
236,ON,257
237,ON,268
238,ON,259
239,ON,207
240,ON,222
241,ON,241
242,ON,272
243,ON,282
244,ON,267
245,ON,277
246,ON,265
247,ON,242
248,ON,271
249,ON,267
250,ON,247
251,ON,220
252,ON,248
253,ON,250
254,ON,240
255,ON,240
256,ON,222
257,ON,239
258,ON,228
259,ON,201
260,ON,207
261,ON,251
262,ON,217
263,ON,251
264,ON,251
265,ON,244
266,ON,216
267,ON,262
268,ON,191
269,ON,266
270,ON,248
271,ON,227
272,ON,207
273,ON,230
274,ON,213
275,ON,256
276,ON,238
277,ON,254
278,ON,224
279,ON,224
280,ON,198
281,ON,238
282,ON,218
283,ON,216
284,ON,216
285,ON,228
286,ON,204
287,ON,222
288,ON,231
289,ON,256
290,ON,234
291,ON,224
292,ON,230
293,ON,241
294,ON,234
295,ON,240
296,ON,223
297,ON,207
298,ON,215
299,ON,240
300,ON,252
301,ON,188
302,ON,205
303,ON,245
304,ON,219
305,ON,187
306,ON,200
307,ON,235
308,ON,215
309,ON,223
310,ON,232
311,ON,280
312,ON,256
313,ON,272
314,ON,221
315,ON,209
316,ON,226
317,ON,260
318,ON,227
319,ON,231
320,ON,286
321,ON,255
322,ON,236
323,ON,238
324,ON,267
325,ON,270
326,ON,235
327,ON,243
328,ON,223
329,ON,194
330,ON,213
331,ON,267
332,ON,203
333,ON,248
334,ON,224
335,ON,206
336,ON,209
337,ON,249
338,ON,212
339,ON,247
340,ON,196
341,ON,244
342,ON,267
343,ON,221
344,ON,220
345,ON,238
346,ON,181
347,ON,180
348,ON,188
349,ON,170
350,ON,176
351,ON,159
352,ON,160
353,ON,161
354,ON,138
355,ON,174
356,ON,164
357,ON,196
358,ON,166
359,ON,147
360,ON,85
361,ON,89
362,ON,185
363,ON,201
364,ON,195
365,ON,221
366,ON,216
1,PA,86
2,PA,123
3,PA,132
4,PA,105
5,PA,105
6,PA,145
7,PA,104
8,PA,84
9,PA,113
10,PA,100
11,PA,90
12,PA,115
13,PA,93
14,PA,89
15,PA,105
16,PA,114
17,PA,132
18,PA,116
19,PA,107
20,PA,93
21,PA,105
22,PA,105
23,PA,93
24,PA,101
25,PA,130
26,PA,81
27,PA,99
28,PA,95
29,PA,110
30,PA,104
31,PA,84
32,PA,103
33,PA,103
34,PA,83
35,PA,87
36,PA,85
37,PA,95
38,PA,88
39,PA,88
40,PA,76
41,PA,76
42,PA,94
43,PA,92
44,PA,99
45,PA,132
46,PA,146
47,PA,110
48,PA,111
49,PA,96
50,PA,87
51,PA,109
52,PA,106
53,PA,132
54,PA,99
55,PA,130
56,PA,109
57,PA,114
58,PA,94
59,PA,114
60,PA,42
61,PA,99
62,PA,112
63,PA,104
64,PA,139
65,PA,106
66,PA,120
67,PA,95
68,PA,80
69,PA,91
70,PA,92
71,PA,104
72,PA,116
73,PA,113
74,PA,90
75,PA,130
76,PA,112
77,PA,79
78,PA,86
79,PA,107
80,PA,122
81,PA,89
82,PA,105
83,PA,104
84,PA,123
85,PA,95
86,PA,120
87,PA,95
88,PA,115
89,PA,105
90,PA,112
91,PA,101
92,PA,82
93,PA,108
94,PA,118
95,PA,99
96,PA,97
97,PA,96
98,PA,108
99,PA,83
100,PA,117
101,PA,104
102,PA,88
103,PA,108
104,PA,108
105,PA,99
106,PA,99
107,PA,116
108,PA,121
109,PA,101
110,PA,96
111,PA,96
112,PA,101
113,PA,117
114,PA,105
115,PA,115
116,PA,115
117,PA,103
118,PA,94
119,PA,96
120,PA,97
121,PA,125
122,PA,115
123,PA,121
124,PA,96
125,PA,109
126,PA,74
127,PA,86
128,PA,126
129,PA,92
130,PA,89
131,PA,103
132,PA,120
133,PA,114
134,PA,107
135,PA,95
136,PA,114
137,PA,105
138,PA,121
139,PA,115
140,PA,118
141,PA,125
142,PA,110
143,PA,107
144,PA,105
145,PA,92
146,PA,84
147,PA,101
148,PA,108
149,PA,99
150,PA,102
151,PA,106
152,PA,130
153,PA,104
154,PA,120
155,PA,107
156,PA,118
157,PA,92
158,PA,98
159,PA,94
160,PA,102
161,PA,92
162,PA,108
163,PA,119
164,PA,91
165,PA,114
166,PA,123
167,PA,93
168,PA,105
169,PA,113
170,PA,128
171,PA,114
172,PA,131
173,PA,125
174,PA,113
175,PA,111
176,PA,125
177,PA,145
178,PA,126
179,PA,124
180,PA,134
181,PA,113
182,PA,106
183,PA,106
184,PA,123
185,PA,117
186,PA,118
187,PA,91
188,PA,135
189,PA,106
190,PA,128
191,PA,120
192,PA,103
193,PA,128
194,PA,110
195,PA,153
196,PA,121
197,PA,116
198,PA,126
199,PA,140
200,PA,123
201,PA,90
202,PA,119
203,PA,142
204,PA,123
205,PA,125
206,PA,111
207,PA,113
208,PA,120
209,PA,124
210,PA,126
211,PA,126
212,PA,143
213,PA,149
214,PA,108
215,PA,132
216,PA,120
217,PA,135
218,PA,141
219,PA,125
220,PA,145
221,PA,128
222,PA,109
223,PA,136
224,PA,132
225,PA,139
226,PA,120
227,PA,143
228,PA,116
229,PA,132
230,PA,123
231,PA,117
232,PA,121
233,PA,130
234,PA,115
235,PA,109
236,PA,129
237,PA,114
238,PA,110
239,PA,123
240,PA,106
241,PA,106
242,PA,99
243,PA,116
244,PA,87
245,PA,116
246,PA,134
247,PA,113
248,PA,153
249,PA,101
250,PA,126
251,PA,107
252,PA,105
253,PA,105
254,PA,135
255,PA,121
256,PA,106
257,PA,104
258,PA,122
259,PA,109
260,PA,96
261,PA,111
262,PA,95
263,PA,123
264,PA,134
265,PA,95
266,PA,84
267,PA,80
268,PA,133
269,PA,102
270,PA,116
271,PA,128
272,PA,106
273,PA,104
274,PA,96
275,PA,112
276,PA,122
277,PA,107
278,PA,116
279,PA,103
280,PA,108
281,PA,90
282,PA,129
283,PA,111
284,PA,123
285,PA,99
286,PA,107
287,PA,101
288,PA,95
289,PA,127
290,PA,102
291,PA,97
292,PA,129
293,PA,103
294,PA,123
295,PA,103
296,PA,134
297,PA,98
298,PA,94
299,PA,101
300,PA,105
301,PA,88
302,PA,98
303,PA,94
304,PA,77
305,PA,99
306,PA,87
307,PA,96
308,PA,115
309,PA,123
310,PA,123
311,PA,107
312,PA,108
313,PA,97
314,PA,137
315,PA,100
316,PA,107
317,PA,99
318,PA,79
319,PA,95
320,PA,93
321,PA,118
322,PA,104
323,PA,88
324,PA,119
325,PA,106
326,PA,116
327,PA,127
328,PA,89
329,PA,78
330,PA,111
331,PA,112
332,PA,113
333,PA,106
334,PA,91
335,PA,117
336,PA,94
337,PA,117
338,PA,115
339,PA,110
340,PA,106
341,PA,104
342,PA,116
343,PA,102
344,PA,96
345,PA,107
346,PA,107
347,PA,81
348,PA,71
349,PA,77
350,PA,93
351,PA,85
352,PA,81
353,PA,82
354,PA,60
355,PA,110
356,PA,86
357,PA,89
358,PA,82
359,PA,70
360,PA,33
361,PA,60
362,PA,88
363,PA,107
364,PA,128
365,PA,126
366,PA,102
1,QC,50
2,QC,46
3,QC,64
4,QC,43
5,QC,36
6,QC,54
7,QC,39
8,QC,41
9,QC,44
10,QC,54
11,QC,52
12,QC,39
13,QC,40
14,QC,42
15,QC,43
16,QC,40
17,QC,50
18,QC,49
19,QC,38
20,QC,43
21,QC,34
22,QC,36
23,QC,30
24,QC,49
25,QC,37
26,QC,37
27,QC,34
28,QC,29
29,QC,29
30,QC,51
31,QC,44
32,QC,48
33,QC,39
34,QC,30
35,QC,37
36,QC,41
37,QC,38
38,QC,34
39,QC,47
40,QC,43
41,QC,35
42,QC,35
43,QC,40
44,QC,46
45,QC,43
46,QC,36
47,QC,41
48,QC,45
49,QC,34
50,QC,48
51,QC,54
52,QC,55
53,QC,47
54,QC,45
55,QC,36
56,QC,43
57,QC,34
58,QC,47
59,QC,43
60,QC,17
61,QC,38
62,QC,46
63,QC,43
64,QC,48
65,QC,47
66,QC,46
67,QC,29
68,QC,43
69,QC,40
70,QC,40
71,QC,50
72,QC,44
73,QC,46
74,QC,31
75,QC,52
76,QC,44
77,QC,44
78,QC,56
79,QC,42
80,QC,49
81,QC,38
82,QC,46
83,QC,35
84,QC,27
85,QC,43
86,QC,57
87,QC,64
88,QC,59
89,QC,57
90,QC,45
91,QC,45
92,QC,42
93,QC,70
94,QC,46
95,QC,42
96,QC,48
97,QC,41
98,QC,44
99,QC,47
100,QC,46
101,QC,54
102,QC,54
103,QC,68
104,QC,47
105,QC,60
106,QC,39
107,QC,44
108,QC,40
109,QC,70
110,QC,47
111,QC,51
112,QC,42
113,QC,49
114,QC,48
115,QC,51
116,QC,49
117,QC,46
118,QC,52
119,QC,42
120,QC,42
121,QC,54
122,QC,57
123,QC,41
124,QC,39
125,QC,49
126,QC,40
127,QC,45
128,QC,54
129,QC,48
130,QC,41
131,QC,47
132,QC,45
133,QC,36
134,QC,49
135,QC,58
136,QC,65
137,QC,56
138,QC,43
139,QC,54
140,QC,49
141,QC,49
142,QC,67
143,QC,49
144,QC,41
145,QC,56
146,QC,60
147,QC,79
148,QC,65
149,QC,83
150,QC,71
151,QC,101
152,QC,88
153,QC,65
154,QC,72
155,QC,51
156,QC,66
157,QC,64
158,QC,60
159,QC,63
160,QC,60
161,QC,53
162,QC,72
163,QC,64
164,QC,57
165,QC,56
166,QC,59
167,QC,44
168,QC,52
169,QC,56
170,QC,58
171,QC,51
172,QC,62
173,QC,58
174,QC,57
175,QC,80
176,QC,78
177,QC,58
178,QC,73
179,QC,72
180,QC,47
181,QC,70
182,QC,65
183,QC,71
184,QC,98
185,QC,99
186,QC,71
187,QC,96
188,QC,105
189,QC,89
190,QC,85
191,QC,75
192,QC,66
193,QC,90
194,QC,61
195,QC,65
196,QC,70
197,QC,61
198,QC,70
199,QC,80
200,QC,76
201,QC,70
202,QC,80
203,QC,51
204,QC,88
205,QC,78
206,QC,82
207,QC,77
208,QC,76
209,QC,85
210,QC,48
211,QC,66
212,QC,83
213,QC,74
214,QC,72
215,QC,65
216,QC,55
217,QC,81
218,QC,66
219,QC,70
220,QC,79
221,QC,75
222,QC,75
223,QC,61
224,QC,79
225,QC,97
226,QC,90
227,QC,95
228,QC,86
229,QC,99
230,QC,80
231,QC,69
232,QC,94
233,QC,71
234,QC,73
235,QC,96
236,QC,72
237,QC,55
238,QC,81
239,QC,71
240,QC,89
241,QC,69
242,QC,62
243,QC,74
244,QC,83
245,QC,49
246,QC,68
247,QC,85
248,QC,82
249,QC,82
250,QC,100
251,QC,80
252,QC,87
253,QC,71
254,QC,72
255,QC,60
256,QC,51
257,QC,74
258,QC,51
259,QC,57
260,QC,53
261,QC,73
262,QC,60
263,QC,78
264,QC,55
265,QC,59
266,QC,83
267,QC,50
268,QC,56
269,QC,61
270,QC,56
271,QC,48
272,QC,59
273,QC,52
274,QC,45
275,QC,59
276,QC,50
277,QC,70
278,QC,63
279,QC,55
280,QC,67
281,QC,80
282,QC,78
283,QC,63
284,QC,49
285,QC,84
286,QC,72
287,QC,65
288,QC,43
289,QC,49
290,QC,52
291,QC,60
292,QC,78
293,QC,66
294,QC,51
295,QC,64
296,QC,56
297,QC,64
298,QC,60
299,QC,57
300,QC,36
301,QC,58
302,QC,55
303,QC,70
304,QC,63
305,QC,43
306,QC,52
307,QC,48
308,QC,48
309,QC,45
310,QC,47
311,QC,46
312,QC,61
313,QC,65
314,QC,51
315,QC,36
316,QC,46
317,QC,52
318,QC,51
319,QC,74
320,QC,62
321,QC,51
322,QC,63
323,QC,62
324,QC,60
325,QC,52
326,QC,46
327,QC,58
328,QC,42
329,QC,52
330,QC,47
331,QC,61
332,QC,56
333,QC,45
334,QC,60
335,QC,74
336,QC,50
337,QC,48
338,QC,68
339,QC,42
340,QC,36
341,QC,45
342,QC,39
343,QC,48
344,QC,40
345,QC,47
346,QC,50
347,QC,27
348,QC,37
349,QC,39
350,QC,28
351,QC,30
352,QC,34
353,QC,35
354,QC,29
355,QC,26
356,QC,45
357,QC,26
358,QC,41
359,QC,24
360,QC,17
361,QC,26
362,QC,52
363,QC,65
364,QC,53
365,QC,56
366,QC,60
1,SC,3
2,SC,4
3,SC,1
4,SC,3
5,SC,2
6,SC,6
7,SC,3
8,SC,2
9,SC,1
10,SC,1
11,SC,2
12,SC,3
13,SC,3
14,SC,3
15,SC,3
16,SC,1
17,SC,1
18,SC,4
19,SC,9
20,SC,3
21,SC,1
22,SC,6
23,SC,1
24,SC,3
25,SC,5
26,SC,2
27,SC,5
28,SC,2
29,SC,1
30,SC,5
31,SC,2
32,SC,5
33,SC,3
34,SC,2
35,SC,2
36,SC,4
37,SC,4
38,SC,5
39,SC,1
40,SC,4
41,SC,2
42,SC,6
43,SC,3
44,SC,6
45,SC,4
46,SC,4
47,SC,3
48,SC,4
49,SC,3
50,SC,1
51,SC,4
52,SC,2
53,SC,1
54,SC,5
55,SC,3
56,SC,3
57,SC,3
58,SC,4
59,SC,3
60,SC,5
61,SC,6
62,SC,5
63,SC,4
64,SC,6
65,SC,3
66,SC,3
67,SC,8
68,SC,2
69,SC,1
70,SC,4
71,SC,2
72,SC,2
73,SC,3
74,SC,2
75,SC,5
76,SC,4
77,SC,2
78,SC,3
79,SC,1
80,SC,6
81,SC,2
82,SC,3
83,SC,1
84,SC,3
85,SC,1
86,SC,6
87,SC,5
88,SC,3
89,SC,3
90,SC,3
91,SC,2
92,SC,3
93,SC,2
94,SC,4
95,SC,3
96,SC,4
97,SC,2
98,SC,4
99,SC,3
100,SC,3
101,SC,1
102,SC,5
103,SC,2
104,SC,2
105,SC,3
106,SC,3
107,SC,1
108,SC,3
109,SC,3
110,SC,3
111,SC,8
112,SC,3
113,SC,1
114,SC,3
115,SC,5
116,SC,2
117,SC,11
118,SC,4
119,SC,2
120,SC,1
121,SC,6
122,SC,4
123,SC,1
124,SC,2
125,SC,5
126,SC,2
127,SC,7
128,SC,1
129,SC,4
130,SC,5
131,SC,5
132,SC,3
133,SC,3
134,SC,3
135,SC,2
136,SC,3
137,SC,4
138,SC,5
139,SC,1
140,SC,4
141,SC,5
142,SC,3
143,SC,3
144,SC,5
145,SC,2
146,SC,6
147,SC,1
148,SC,4
149,SC,4
150,SC,2
151,SC,2
152,SC,5
153,SC,9
154,SC,5
155,SC,3
156,SC,6
157,SC,4
158,SC,3
159,SC,2
160,SC,3
161,SC,5
162,SC,9
163,SC,5
164,SC,2
165,SC,6
166,SC,5
167,SC,2
168,SC,3
169,SC,2
170,SC,3
171,SC,3
172,SC,1
173,SC,4
174,SC,2
175,SC,3
176,SC,5
177,SC,5
178,SC,2
179,SC,3
180,SC,3
181,SC,4
182,SC,1
183,SC,2
184,SC,4
185,SC,2
186,SC,4
187,SC,3
188,SC,2
189,SC,3
190,SC,4
191,SC,6
192,SC,6
193,SC,3
194,SC,4
195,SC,7
196,SC,3
197,SC,5
198,SC,7
199,SC,3
200,SC,3
201,SC,1
202,SC,2
203,SC,4
204,SC,3
205,SC,5
206,SC,1
207,SC,4
208,SC,5
209,SC,8
210,SC,5
211,SC,4
212,SC,3
213,SC,4
214,SC,4
215,SC,1
216,SC,6
217,SC,6
218,SC,4
219,SC,4
220,SC,5
221,SC,3
222,SC,3
223,SC,3
224,SC,6
225,SC,2
226,SC,8
227,SC,6
228,SC,3
229,SC,9
230,SC,8
231,SC,5
232,SC,4
233,SC,4
234,SC,2
235,SC,6
236,SC,6
237,SC,4
238,SC,3
239,SC,2
240,SC,2
241,SC,6
242,SC,2
243,SC,3
244,SC,7
245,SC,4
246,SC,5
247,SC,3
248,SC,5
249,SC,3
250,SC,2
251,SC,4
252,SC,2
253,SC,5
254,SC,5
255,SC,2
256,SC,4
257,SC,4
258,SC,2
259,SC,6
260,SC,1
261,SC,3
262,SC,5
263,SC,3
264,SC,6
265,SC,1
266,SC,5
267,SC,4
268,SC,7
269,SC,3
270,SC,6
271,SC,4
272,SC,2
273,SC,2
274,SC,3
275,SC,5
276,SC,2
277,SC,3
278,SC,3
279,SC,6
280,SC,2
281,SC,5
282,SC,7
283,SC,2
284,SC,5
285,SC,3
286,SC,2
287,SC,5
288,SC,7
289,SC,3
290,SC,5
291,SC,4
292,SC,1
293,SC,2
294,SC,5
295,SC,3
296,SC,3
297,SC,5
298,SC,2
299,SC,5
300,SC,2
301,SC,5
302,SC,3
303,SC,4
304,SC,5
305,SC,5
306,SC,5
307,SC,3
308,SC,6
309,SC,3
310,SC,4
311,SC,1
312,SC,1
313,SC,4
314,SC,6
315,SC,1
316,SC,4
317,SC,3
318,SC,7
319,SC,5
320,SC,2
321,SC,3
322,SC,2
323,SC,4
324,SC,2
325,SC,4
326,SC,1
327,SC,2
328,SC,1
329,SC,1
330,SC,4
331,SC,3
332,SC,2
333,SC,2
334,SC,1
335,SC,1
336,SC,2
337,SC,1
338,SC,4
339,SC,3
340,SC,2
341,SC,1
342,SC,2
343,SC,1
344,SC,5
345,SC,3
346,SC,2
347,SC,4
348,SC,1
349,SC,5
350,SC,2
351,SC,2
352,SC,1
353,SC,5
1,WI,35
2,WI,48
3,WI,46
4,WI,53
5,WI,60
6,WI,62
7,WI,45
8,WI,34
9,WI,53
10,WI,45
11,WI,58
12,WI,33
13,WI,58
14,WI,55
15,WI,62
16,WI,57
17,WI,64
18,WI,69
19,WI,59
20,WI,49
21,WI,61
22,WI,53
23,WI,46
24,WI,61
25,WI,59
26,WI,47
27,WI,71
28,WI,55
29,WI,61
30,WI,55
31,WI,63
32,WI,54
33,WI,46
34,WI,59
35,WI,58
36,WI,46
37,WI,68
38,WI,67
39,WI,71
40,WI,44
41,WI,47
42,WI,48
43,WI,50
44,WI,68
45,WI,67
46,WI,76
47,WI,53
48,WI,77
49,WI,48
50,WI,59
51,WI,47
52,WI,60
53,WI,50
54,WI,62
55,WI,46
56,WI,38
57,WI,49
58,WI,59
59,WI,43
60,WI,8
61,WI,50
62,WI,46
63,WI,63
64,WI,56
65,WI,61
66,WI,58
67,WI,50
68,WI,59
69,WI,53
70,WI,59
71,WI,43
72,WI,54
73,WI,59
74,WI,37
75,WI,48
76,WI,36
77,WI,57
78,WI,49
79,WI,43
80,WI,50
81,WI,31
82,WI,74
83,WI,47
84,WI,46
85,WI,51
86,WI,51
87,WI,48
88,WI,47
89,WI,60
90,WI,65
91,WI,52
92,WI,37
93,WI,53
94,WI,55
95,WI,50
96,WI,36
97,WI,64
98,WI,52
99,WI,48
100,WI,41
101,WI,72
102,WI,38
103,WI,46
104,WI,55
105,WI,54
106,WI,62
107,WI,57
108,WI,53
109,WI,53
110,WI,70
111,WI,58
112,WI,56
113,WI,62
114,WI,48
115,WI,49
116,WI,50
117,WI,55
118,WI,48
119,WI,67
120,WI,48
121,WI,56
122,WI,55
123,WI,49
124,WI,50
125,WI,52
126,WI,40
127,WI,58
128,WI,67
129,WI,45
130,WI,55
131,WI,52
132,WI,47
133,WI,41
134,WI,56
135,WI,44
136,WI,69
137,WI,51
138,WI,36
139,WI,40
140,WI,54
141,WI,60
142,WI,66
143,WI,51
144,WI,33
145,WI,48
146,WI,46
147,WI,57
148,WI,51
149,WI,55
150,WI,51
151,WI,59
152,WI,59
153,WI,51
154,WI,43
155,WI,41
156,WI,47
157,WI,44
158,WI,43
159,WI,54
160,WI,39
161,WI,66
162,WI,58
163,WI,57
164,WI,54
165,WI,75
166,WI,49
167,WI,54
168,WI,53
169,WI,55
170,WI,70
171,WI,54
172,WI,66
173,WI,60
174,WI,57
175,WI,58
176,WI,46
177,WI,46
178,WI,55
179,WI,68
180,WI,53
181,WI,70
182,WI,60
183,WI,46
184,WI,65
185,WI,58
186,WI,68
187,WI,67
188,WI,66
189,WI,81
190,WI,64
191,WI,68
192,WI,57
193,WI,64
194,WI,71
195,WI,70
196,WI,70
197,WI,60
198,WI,62
199,WI,63
200,WI,70
201,WI,50
202,WI,63
203,WI,53
204,WI,56
205,WI,67
206,WI,82
207,WI,67
208,WI,60
209,WI,61
210,WI,77
211,WI,84
212,WI,69
213,WI,62
214,WI,61
215,WI,60
216,WI,69
217,WI,64
218,WI,60
219,WI,68
220,WI,79
221,WI,57
222,WI,66
223,WI,79
224,WI,69
225,WI,80
226,WI,76
227,WI,72
228,WI,73
229,WI,77
230,WI,75
231,WI,66
232,WI,63
233,WI,65
234,WI,72
235,WI,65
236,WI,53
237,WI,58
238,WI,62
239,WI,49
240,WI,55
241,WI,54
242,WI,40
243,WI,47
244,WI,46
245,WI,72
246,WI,86
247,WI,62
248,WI,45
249,WI,48
250,WI,62
251,WI,75
252,WI,40
253,WI,42
254,WI,64
255,WI,55
256,WI,56
257,WI,57
258,WI,59
259,WI,66
260,WI,59
261,WI,59
262,WI,57
263,WI,62
264,WI,67
265,WI,44
266,WI,62
267,WI,56
268,WI,56
269,WI,50
270,WI,65
271,WI,47
272,WI,55
273,WI,48
274,WI,48
275,WI,63
276,WI,55
277,WI,47
278,WI,53
279,WI,60
280,WI,57
281,WI,53
282,WI,41
283,WI,57
284,WI,55
285,WI,52
286,WI,70
287,WI,68
288,WI,63
289,WI,64
290,WI,57
291,WI,43
292,WI,58
293,WI,74
294,WI,37
295,WI,60
296,WI,59
297,WI,86
298,WI,61
299,WI,50
300,WI,64
301,WI,68
302,WI,60
303,WI,54
304,WI,57
305,WI,46
306,WI,71
307,WI,71
308,WI,59
309,WI,57
310,WI,69
311,WI,79
312,WI,67
313,WI,72
314,WI,50
315,WI,50
316,WI,55
317,WI,74
318,WI,83
319,WI,57
320,WI,60
321,WI,39
322,WI,59
323,WI,61
324,WI,47
325,WI,41
326,WI,51
327,WI,60
328,WI,50
329,WI,54
330,WI,41
331,WI,54
332,WI,40
333,WI,62
334,WI,60
335,WI,61
336,WI,45
337,WI,53
338,WI,53
339,WI,48
340,WI,47
341,WI,51
342,WI,47
343,WI,55
344,WI,35
345,WI,54
346,WI,45
347,WI,38
348,WI,37
349,WI,43
350,WI,47
351,WI,37
352,WI,40
353,WI,32
354,WI,50
355,WI,41
356,WI,44
357,WI,39
358,WI,46
359,WI,31
360,WI,16
361,WI,20
362,WI,33
363,WI,50
364,WI,48
365,WI,53
366,WI,60
